"comm","year","month","quantity"
"BOURG",1825,3,1920
"BOURG",1830,1,945
"BOURG",1835,3,1481
"BOURG",1840,1,1517
"BOURG",1845,3,1954
"BOURG",1847,1,761
"BOURG",1847,3,3145
"BOURG",1850,10,1008
"ST LAURENT",1825,3,2280
"ST LAURENT",1830,1,519
"ST LAURENT",1835,3,2250
"ST LAURENT",1840,1,1845
"ST LAURENT",1845,3,1887
"ST LAURENT",1847,1,1323
"ST LAURENT",1847,3,762
"ST LAURENT",1850,10,780
"PT DE VAUX",1825,3,395
"PT DE VAUX",1830,1,394
"PT DE VAUX",1835,3,607
"PT DE VAUX",1840,1,291
"PT DE VAUX",1845,3,342
"PT DE VAUX",1847,1,273
"PT DE VAUX",1847,3,1179
"PT DE VAUX",1850,10,435
"GEX",1825,3,3
"GEX",1830,1,15
"GEX",1835,3,25
"GEX",1840,1,25
"GEX",1845,3,30
"GEX",1847,1,21
"GEX",1847,3,24
"GEX",1850,10,18
"COLLONGES",1825,3,119
"COLLONGES",1830,1,158
"COLLONGES",1840,1,19
"COLLONGES",1845,3,21
"COLLONGES",1847,1,23
"COLLONGES",1847,3,19
"COLLONGES",1850,10,69
"ST QUENTIN",1825,3,911
"ST QUENTIN",1830,1,1529
"ST QUENTIN",1835,3,710
"ST QUENTIN",1840,1,347
"ST QUENTIN",1845,3,651
"ST QUENTIN",1847,1,964
"ST QUENTIN",1847,3,1203
"ST QUENTIN",1850,10,384
"VERVINS",1825,3,70
"VERVINS",1830,1,72
"VERVINS",1835,3,52
"VERVINS",1840,1,18
"LA CAPELLE",1825,3,900
"LA CAPELLE",1830,1,775
"LA CAPELLE",1835,3,300
"LA CAPELLE",1840,1,580
"LA CAPELLE",1845,3,549
"LA CAPELLE",1847,1,321
"LA CAPELLE",1847,3,334
"LA CAPELLE",1850,10,252
"LA FERE",1825,3,310
"LA FERE",1830,1,210
"LA FERE",1835,3,30
"LA FERE",1840,1,72
"LA FERE",1845,3,115
"LA FERE",1847,1,75
"LA FERE",1847,3,154
"LA FERE",1850,10,31
"CHAUNY",1825,3,240
"CHAUNY",1830,1,255
"CHAUNY",1835,3,72
"CHAUNY",1840,1,66
"CHAUNY",1845,3,65
"CHAUNY",1847,1,8
"CHAUNY",1847,3,60
"CHAUNY",1850,10,30
"SOISSONS",1825,3,23
"SOISSONS",1830,1,2657
"SOISSONS",1835,3,3026
"SOISSONS",1840,1,3595
"SOISSONS",1845,3,4530
"SOISSONS",1847,1,2553
"SOISSONS",1847,3,2110
"SOISSONS",1850,10,2230
"MONTLUCON",1825,3,225
"MONTLUCON",1830,1,30
"MONTLUCON",1835,3,170
"MONTLUCON",1840,1,300
"MONTLUCON",1845,3,415
"MONTLUCON",1847,1,61
"MONTLUCON",1847,3,295
"MONTLUCON",1850,10,367
"MTMARAULT",1825,3,4
"MTMARAULT",1835,3,75
"MTMARAULT",1840,1,130
"MTMARAULT",1845,3,90
"MTMARAULT",1847,1,80
"MTMARAULT",1847,3,112
"MTMARAULT",1850,10,90
"GANNAT",1825,3,240
"GANNAT",1830,1,160
"GANNAT",1835,3,240
"GANNAT",1840,1,750
"GANNAT",1845,3,425
"GANNAT",1847,1,670
"GANNAT",1847,3,1050
"GANNAT",1850,10,827
"STPOURCAIN",1825,3,340
"STPOURCAIN",1830,1,646
"STPOURCAIN",1835,3,1858
"STPOURCAIN",1840,1,1527
"STPOURCAIN",1845,3,1764
"STPOURCAIN",1847,1,1104
"STPOURCAIN",1847,3,1274
"STPOURCAIN",1850,10,1010
"EBREUIL",1825,3,274
"EBREUIL",1830,1,190
"EBREUIL",1835,3,190
"EBREUIL",1840,1,255
"EBREUIL",1845,3,165
"EBREUIL",1847,1,211
"EBREUIL",1847,3,590
"EBREUIL",1850,10,228
"CASTELLANE",1825,3,56
"CASTELLANE",1830,1,18
"CASTELLANE",1835,3,42
"CASTELLANE",1840,1,35
"CASTELLANE",1845,3,4
"CASTELLANE",1847,1,17
"CASTELLANE",1847,3,14
"CASTELLANE",1850,10,17
"ENTREVAUX",1825,3,14
"ENTREVAUX",1830,1,16
"ENTREVAUX",1835,3,1250
"ENTREVAUX",1840,1,7
"ENTREVAUX",1845,3,10
"ENTREVAUX",1847,1,3
"ENTREVAUX",1847,3,4
"ENTREVAUX",1850,10,12
"DIGNE",1825,3,86
"DIGNE",1835,3,59
"DIGNE",1840,1,29
"DIGNE",1845,3,54
"DIGNE",1847,1,125
"DIGNE",1847,3,86
"DIGNE",1850,10,47
"RIEZ",1825,3,155
"RIEZ",1830,1,75
"RIEZ",1835,3,144
"RIEZ",1840,1,61
"RIEZ",1845,3,136
"RIEZ",1847,1,176
"RIEZ",1847,3,80
"RIEZ",1850,10,50
"SEYNE",1825,3,15
"SEYNE",1830,1,23
"SEYNE",1835,3,90
"SEYNE",1840,1,72
"SEYNE",1845,3,83
"SEYNE",1847,1,47
"SEYNE",1847,3,114
"SEYNE",1850,10,58
"FORCALQUIE",1825,3,34
"FORCALQUIE",1830,1,7
"FORCALQUIE",1835,3,24
"FORCALQUIE",1840,1,45
"FORCALQUIE",1845,3,28
"FORCALQUIE",1847,1,36
"FORCALQUIE",1847,3,35
"FORCALQUIE",1850,10,32
"GAP",1825,3,40
"GAP",1830,1,81
"GAP",1835,3,49
"GAP",1840,1,77
"GAP",1845,3,66
"GAP",1847,1,33
"GAP",1847,3,841
"ST BONNET",1825,3,100
"ST BONNET",1830,1,90
"ST BONNET",1835,3,49
"ST BONNET",1840,1,19
"ST BONNET",1845,3,16
"ST BONNET",1847,1,6
"ST BONNET",1847,3,70
"ST BONNET",1850,10,25
"SERRES",1825,3,50
"SERRES",1830,1,45
"SERRES",1835,3,44
"SERRES",1840,1,12
"SERRES",1845,3,24
"SERRES",1847,1,24
"SERRES",1847,3,32
"SERRES",1850,10,25
"VEYNES",1825,3,96
"VEYNES",1830,1,162
"VEYNES",1835,3,40
"VEYNES",1840,1,45
"VEYNES",1845,3,35
"VEYNES",1847,1,25
"VEYNES",1847,3,22
"VEYNES",1850,10,10
"EMBRUN",1825,3,17
"EMBRUN",1830,1,9
"EMBRUN",1835,3,30
"EMBRUN",1840,1,22
"EMBRUN",1845,3,30
"EMBRUN",1847,1,17
"EMBRUN",1847,3,60
"EMBRUN",1850,10,9
"JOYEUSE",1825,3,94
"JOYEUSE",1830,1,85
"JOYEUSE",1835,3,160
"JOYEUSE",1840,1,90
"JOYEUSE",1845,3,50
"JOYEUSE",1847,1,14
"JOYEUSE",1847,3,20
"JOYEUSE",1850,10,43
"LARGENTIER",1825,3,90
"LARGENTIER",1830,1,20
"LARGENTIER",1835,3,150
"LARGENTIER",1840,1,12
"LARGENTIER",1845,3,18
"LARGENTIER",1847,1,15
"LARGENTIER",1847,3,24
"LARGENTIER",1850,10,20
"VANS",1825,3,58
"VANS",1835,3,45
"VANS",1840,1,25
"VANS",1845,3,17
"VANS",1847,1,50
"VANS",1847,3,120
"VANS",1850,10,30
"AUBENAS",1825,3,46
"AUBENAS",1830,1,16
"AUBENAS",1835,3,38
"AUBENAS",1840,1,36
"AUBENAS",1845,3,24
"AUBENAS",1847,1,55
"AUBENAS",1847,3,47
"AUBENAS",1850,10,40
"BOURG ST A",1825,3,100
"BOURG ST A",1830,1,160
"BOURG ST A",1835,3,120
"BOURG ST A",1840,1,140
"BOURG ST A",1845,3,120
"BOURG ST A",1847,1,60
"BOURG ST A",1847,3,100
"BOURG ST A",1850,10,10
"PRIVAS",1825,3,13
"PRIVAS",1830,1,13
"PRIVAS",1835,3,83
"PRIVAS",1840,1,96
"PRIVAS",1845,3,97
"PRIVAS",1847,1,95
"PRIVAS",1847,3,86
"PRIVAS",1850,10,95
"MAUBERT-FT",1840,1,628
"MAUBERT-FT",1845,3,1114
"MAUBERT-FT",1847,1,397
"MAUBERT-FT",1847,3,970
"MAUBERT-FT",1850,10,470
"CHARLEVILL",1825,3,1126
"CHARLEVILL",1830,1,1011
"CHARLEVILL",1835,3,1032
"CHARLEVILL",1840,1,1062
"CHARLEVILL",1845,3,1421
"CHARLEVILL",1847,1,343
"CHARLEVILL",1847,3,272
"CHARLEVILL",1850,10,675
"RETHEL",1825,3,528
"RETHEL",1830,1,590
"RETHEL",1835,3,332
"RETHEL",1840,1,272
"RETHEL",1845,3,322
"RETHEL",1847,1,113
"RETHEL",1847,3,575
"RETHEL",1850,10,72
"WASIGNY",1825,3,120
"WASIGNY",1830,1,170
"WASIGNY",1835,3,125
"WASIGNY",1840,1,290
"WASIGNY",1845,3,290
"WASIGNY",1847,1,190
"WASIGNY",1847,3,950
"WASIGNY",1850,10,74
"ATTIGNY",1840,1,167
"ATTIGNY",1845,3,289
"ATTIGNY",1847,1,108
"ATTIGNY",1847,3,528
"ATTIGNY",1850,10,219
"VOUZIERS",1825,3,264
"VOUZIERS",1830,1,425
"VOUZIERS",1835,3,346
"VOUZIERS",1840,1,748
"VOUZIERS",1845,3,1360
"VOUZIERS",1847,1,220
"VOUZIERS",1847,3,1500
"VOUZIERS",1850,10,1000
"FOIX",1825,3,100
"FOIX",1830,1,20
"FOIX",1835,3,46
"FOIX",1840,1,55
"FOIX",1845,3,19
"FOIX",1847,1,44
"FOIX",1847,3,226
"FOIX",1850,10,26
"LABASTIDE",1825,3,52
"LABASTIDE",1830,1,28
"LABASTIDE",1835,3,40
"LABASTIDE",1840,1,67
"LABASTIDE",1845,3,58
"LABASTIDE",1847,1,49
"LABASTIDE",1847,3,80
"LABASTIDE",1850,10,21
"LAVELANET",1825,3,30
"LAVELANET",1830,1,47
"LAVELANET",1835,3,18
"LAVELANET",1840,1,56
"LAVELANET",1845,3,90
"LAVELANET",1847,1,45
"LAVELANET",1847,3,90
"LAVELANET",1850,10,35
"TARASCON",1825,3,132
"TARASCON",1830,1,12
"TARASCON",1835,3,83
"TARASCON",1840,1,98
"TARASCON",1845,3,93
"TARASCON",1847,1,118
"TARASCON",1847,3,114
"TARASCON",1850,10,79
"BELESTA",1830,1,10
"BELESTA",1835,3,12
"BELESTA",1840,1,14
"BELESTA",1845,3,17
"BELESTA",1847,1,25
"BELESTA",1847,3,44
"BELESTA",1850,10,41
"ARCIS",1825,3,300
"ARCIS",1830,1,335
"ARCIS",1835,3,630
"ARCIS",1840,1,470
"ARCIS",1845,3,320
"ARCIS",1847,1,38
"ARCIS",1847,3,610
"ARCIS",1850,10,160
"NOGENT",1825,3,56
"NOGENT",1830,1,100
"NOGENT",1835,3,102
"NOGENT",1840,1,141
"NOGENT",1845,3,151
"NOGENT",1847,1,45
"NOGENT",1847,3,562
"NOGENT",1850,10,92
"VILLEMAUX",1825,3,49
"VILLEMAUX",1830,1,103
"VILLEMAUX",1835,3,65
"VILLEMAUX",1840,1,73
"VILLEMAUX",1845,3,75
"VILLEMAUX",1847,1,21
"VILLEMAUX",1847,3,72
"VILLEMAUX",1850,10,31
"TROYES",1825,3,762
"TROYES",1830,1,2380
"TROYES",1835,3,1620
"TROYES",1840,1,1396
"TROYES",1845,3,1959
"TROYES",1847,1,759
"TROYES",1847,3,2422
"TROYES",1850,10,2149
"ERVY",1845,3,389
"ERVY",1847,1,142
"ERVY",1847,3,215
"ERVY",1850,10,338
"BAR/AUBE",1825,3,611
"BAR/AUBE",1830,1,1312
"BAR/AUBE",1835,3,604
"BAR/AUBE",1840,1,1026
"BAR/AUBE",1845,3,1609
"BAR/AUBE",1847,1,183
"BAR/AUBE",1847,3,1522
"BAR/AUBE",1850,10,485
"CARCASSONN",1825,3,343
"CARCASSONN",1830,1,88
"CARCASSONN",1835,3,246
"CARCASSONN",1840,1,287
"CARCASSONN",1845,3,155
"CARCASSONN",1847,1,220
"CARCASSONN",1847,3,430
"CARCASSONN",1850,10,153
"CASTELNAUD",1825,3,112
"CASTELNAUD",1830,1,35
"CASTELNAUD",1835,3,52
"CASTELNAUD",1840,1,57
"CASTELNAUD",1845,3,90
"CASTELNAUD",1847,1,169
"CASTELNAUD",1847,3,100
"CASTELNAUD",1850,10,66
"LIMOUX",1825,3,288
"LIMOUX",1830,1,126
"LIMOUX",1835,3,156
"LIMOUX",1840,1,180
"LIMOUX",1845,3,114
"LIMOUX",1847,1,156
"LIMOUX",1847,3,426
"LIMOUX",1850,10,99
"CHALABRE",1825,3,43
"CHALABRE",1835,3,60
"CHALABRE",1840,1,54
"CHALABRE",1845,3,34
"CHALABRE",1847,1,8
"CHALABRE",1847,3,69
"QUILLAN",1825,3,276
"QUILLAN",1830,1,6
"QUILLAN",1835,3,96
"QUILLAN",1840,1,165
"QUILLAN",1845,3,68
"QUILLAN",1847,1,30
"QUILLAN",1847,3,120
"ESPALION",1825,3,55
"ESPALION",1835,3,44
"ESPALION",1840,1,35
"ESPALION",1845,3,36
"ESPALION",1847,1,61
"ESPALION",1847,3,72
"ESPALION",1850,10,16
"ENTRAYGUES",1830,1,10
"ENTRAYGUES",1835,3,24
"ENTRAYGUES",1840,1,18
"ENTRAYGUES",1847,1,2
"ENTRAYGUES",1847,3,15
"ENTRAYGUES",1850,10,9
"ST GENIEZ",1830,1,4
"ST GENIEZ",1835,3,20
"ST GENIEZ",1840,1,20
"ST GENIEZ",1845,3,73
"ST GENIEZ",1847,1,33
"ST GENIEZ",1847,3,67
"ST GENIEZ",1850,10,94
"MILLAU",1825,3,43
"MILLAU",1830,1,12
"MILLAU",1835,3,46
"MILLAU",1840,1,100
"MILLAU",1845,3,100
"MILLAU",1847,1,80
"MILLAU",1847,3,300
"MILLAU",1850,10,35
"AIX",1825,3,2800
"AIX",1830,1,1376
"AIX",1835,3,1136
"AIX",1840,1,1273
"AIX",1845,3,1268
"AIX",1847,1,778
"AIX",1847,3,1295
"AIX",1850,10,2698
"SALON",1825,3,150
"SALON",1830,1,160
"SALON",1835,3,160
"SALON",1840,1,100
"SALON",1845,3,8
"SALON",1847,1,3
"SALON",1847,3,10
"SALON",1850,10,7
"BALLEROY",1825,3,120
"BALLEROY",1830,1,102
"BALLEROY",1835,3,120
"BALLEROY",1840,1,178
"BALLEROY",1845,3,310
"BALLEROY",1847,1,205
"BALLEROY",1847,3,109
"BALLEROY",1850,10,388
"BAYEUX",1830,1,1318
"BAYEUX",1835,3,858
"BAYEUX",1840,1,1110
"BAYEUX",1845,3,800
"BAYEUX",1847,1,1224
"BAYEUX",1847,3,750
"BAYEUX",1850,10,510
"CAUMONT",1825,3,198
"CAUMONT",1830,1,363
"CAUMONT",1835,3,274
"CAUMONT",1840,1,1134
"CAUMONT",1845,3,904
"CAUMONT",1847,1,700
"CAUMONT",1847,3,492
"CAUMONT",1850,10,946
"ISIGNY",1825,3,252
"ISIGNY",1830,1,156
"ISIGNY",1835,3,100
"ISIGNY",1840,1,120
"ISIGNY",1845,3,124
"ISIGNY",1847,1,99
"ISIGNY",1847,3,69
"ISIGNY",1850,10,100
"TREVIERES",1825,3,122
"TREVIERES",1835,3,94
"TREVIERES",1840,1,110
"TREVIERES",1845,3,124
"TREVIERES",1847,1,120
"TREVIERES",1847,3,152
"TREVIERES",1850,10,128
"ARGENCES",1825,3,1530
"ARGENCES",1830,1,1580
"ARGENCES",1835,3,1408
"ARGENCES",1840,1,1524
"ARGENCES",1845,3,1720
"ARGENCES",1847,1,1240
"ARGENCES",1847,3,1380
"ARGENCES",1850,10,1510
"BRETTEVILL",1830,1,604
"BRETTEVILL",1835,3,570
"BRETTEVILL",1840,1,656
"BRETTEVILL",1845,3,628
"BRETTEVILL",1847,1,214
"BRETTEVILL",1847,3,336
"BRETTEVILL",1850,10,112
"AURILLAC",1825,3,175
"AURILLAC",1835,3,2
"AURILLAC",1840,1,34
"AURILLAC",1845,3,5
"AURILLAC",1847,3,22
"AURILLAC",1850,10,7
"MAURIAC",1825,3,125
"MAURIAC",1830,1,11
"MAURIAC",1835,3,97
"MAURIAC",1840,1,34
"MAURIAC",1845,3,22
"MAURIAC",1847,1,5
"MAURIAC",1847,3,58
"MAURIAC",1850,10,10
"ANGOULEME",1825,3,405
"ANGOULEME",1830,1,56
"ANGOULEME",1835,3,82
"ANGOULEME",1840,1,60
"ANGOULEME",1847,1,436
"ANGOULEME",1847,3,1135
"ANGOULEME",1850,10,550
"LA ROCHEFD",1825,3,60
"LA ROCHEFD",1830,1,200
"LA ROCHEFD",1835,3,78
"LA ROCHEFD",1840,1,136
"LA ROCHEFD",1845,3,55
"LA ROCHEFD",1847,1,150
"LA ROCHEFD",1847,3,310
"LA ROCHEFD",1850,10,400
"ROUILLAC",1825,3,1
"ROUILLAC",1830,1,58
"ROUILLAC",1835,3,1
"ROUILLAC",1840,1,1
"ROUILLAC",1845,3,101
"ROUILLAC",1847,1,55
"ROUILLAC",1850,10,114
"COGNAC",1825,3,69
"COGNAC",1830,1,74
"COGNAC",1835,3,115
"COGNAC",1840,1,136
"COGNAC",1845,3,92
"COGNAC",1847,1,31
"COGNAC",1847,3,40
"COGNAC",1850,10,90
"CHABANAIS",1825,3,17
"CHABANAIS",1830,1,18
"CHABANAIS",1835,3,23
"CHABANAIS",1840,1,26
"CHABANAIS",1845,3,26
"CHABANAIS",1847,1,11
"CHABANAIS",1847,3,21
"CHABANAIS",1850,10,19
"MARANS",1825,3,2247
"MARANS",1835,3,135
"MARANS",1840,1,2100
"MARANS",1845,3,1400
"MARANS",1847,1,650
"MARANS",1847,3,1000
"MARANS",1850,10,1000
"STJEAN D'A",1825,3,160
"STJEAN D'A",1830,1,13
"STJEAN D'A",1835,3,30
"STJEAN D'A",1840,1,55
"STJEAN D'A",1845,3,85
"STJEAN D'A",1847,1,52
"STJEAN D'A",1847,3,90
"STJEAN D'A",1850,10,75
"JONZAC",1825,3,13
"JONZAC",1830,1,7
"JONZAC",1835,3,30
"JONZAC",1840,1,45
"JONZAC",1845,3,35
"JONZAC",1847,1,12
"JONZAC",1847,3,35
"JONZAC",1850,10,70
"MIRAMBEAU",1825,3,134
"MIRAMBEAU",1830,1,72
"MIRAMBEAU",1835,3,27
"MIRAMBEAU",1840,1,85
"MIRAMBEAU",1845,3,30
"MIRAMBEAU",1847,1,18
"MIRAMBEAU",1847,3,25
"MIRAMBEAU",1850,10,30
"MONTENDRE",1825,3,50
"MONTENDRE",1830,1,40
"MONTENDRE",1835,3,50
"MONTENDRE",1840,1,52
"MONTENDRE",1845,3,47
"MONTENDRE",1847,1,62
"SANCERRE",1825,3,124
"SANCERRE",1830,1,300
"SANCERRE",1835,3,230
"SANCERRE",1840,1,347
"SANCERRE",1845,3,285
"SANCERRE",1847,1,25
"SANCERRE",1847,3,394
"SANCERRE",1850,10,565
"AUBIGNY",1825,3,225
"AUBIGNY",1830,1,247
"AUBIGNY",1835,3,230
"AUBIGNY",1840,1,2685
"AUBIGNY",1845,3,350
"AUBIGNY",1847,1,9
"AUBIGNY",1847,3,278
"AUBIGNY",1850,10,643
"BOURGES",1825,3,1244
"BOURGES",1830,1,2135
"BOURGES",1835,3,1258
"BOURGES",1840,1,1574
"BOURGES",1845,3,1434
"BOURGES",1847,1,897
"BOURGES",1847,3,1298
"BOURGES",1850,10,3042
"VIERZON",1825,3,320
"VIERZON",1830,1,540
"VIERZON",1835,3,752
"VIERZON",1840,1,428
"VIERZON",1845,3,683
"VIERZON",1847,1,287
"VIERZON",1847,3,1422
"VIERZON",1850,10,1010
"ST AMAND",1825,3,400
"ST AMAND",1830,1,569
"ST AMAND",1835,3,470
"ST AMAND",1840,1,470
"ST AMAND",1845,3,293
"ST AMAND",1847,1,335
"ST AMAND",1847,3,747
"ST AMAND",1850,10,469
"TULLE",1825,3,300
"TULLE",1830,1,146
"TULLE",1835,3,112
"TULLE",1840,1,85
"TULLE",1845,3,110
"TULLE",1847,1,270
"TULLE",1847,3,151
"TULLE",1850,10,220
"ARGENTAT",1825,3,40
"ARGENTAT",1830,1,17
"ARGENTAT",1835,3,15
"ARGENTAT",1840,1,27
"ARGENTAT",1845,3,51
"ARGENTAT",1847,1,41
"ARGENTAT",1847,3,41
"ARGENTAT",1850,10,42
"BRIVE",1825,3,46
"BRIVE",1830,1,33
"BRIVE",1835,3,32
"BRIVE",1840,1,9
"BRIVE",1845,3,36
"BRIVE",1847,1,36
"BRIVE",1847,3,36
"BRIVE",1850,10,36
"AJACCIO",1825,3,148
"AJACCIO",1830,1,140
"AJACCIO",1835,3,33
"AJACCIO",1840,1,51
"AJACCIO",1845,3,175
"AJACCIO",1847,1,121
"AJACCIO",1847,3,75
"AJACCIO",1850,10,190
"VICO",1825,3,100
"VICO",1830,1,50
"VICO",1835,3,50
"VICO",1840,1,35
"VICO",1845,3,250
"VICO",1847,1,217
"VICO",1847,3,117
"VICO",1850,10,10
"BASTIA",1825,3,150
"BASTIA",1830,1,43
"BASTIA",1835,3,8
"BASTIA",1840,1,114
"BASTIA",1845,3,10
"BASTIA",1847,1,247
"BASTIA",1847,3,24
"BASTIA",1850,10,100
"BEAUNE",1825,3,1050
"BEAUNE",1830,1,700
"BEAUNE",1835,3,900
"BEAUNE",1840,1,1595
"BEAUNE",1845,3,988
"BEAUNE",1847,1,860
"BEAUNE",1847,3,2172
"BEAUNE",1850,10,770
"NOLAY",1825,3,127
"NOLAY",1830,1,73
"NOLAY",1835,3,135
"NOLAY",1840,1,115
"NOLAY",1845,3,290
"NOLAY",1847,1,255
"NOLAY",1847,3,240
"NOLAY",1850,10,77
"ST BRIEUC",1825,3,220
"ST BRIEUC",1830,1,211
"ST BRIEUC",1835,3,634
"ST BRIEUC",1840,1,1166
"ST BRIEUC",1845,3,1018
"ST BRIEUC",1847,1,962
"ST BRIEUC",1847,3,950
"ST BRIEUC",1850,10,1152
"CHATELAUDR",1840,1,98
"CHATELAUDR",1845,3,281
"CHATELAUDR",1847,1,56
"CHATELAUDR",1847,3,140
"CHATELAUDR",1850,10,50
"LAMBALLE",1825,3,532
"LAMBALLE",1830,1,238
"LAMBALLE",1835,3,1728
"LAMBALLE",1840,1,1008
"LAMBALLE",1845,3,864
"LAMBALLE",1847,1,1120
"LAMBALLE",1847,3,1056
"LAMBALLE",1850,10,1467
"PAIMPOL",1825,3,440
"PAIMPOL",1830,1,352
"PAIMPOL",1835,3,363
"PAIMPOL",1840,1,375
"PAIMPOL",1845,3,147
"PAIMPOL",1847,1,130
"PAIMPOL",1847,3,175
"PAIMPOL",1850,10,245
"DINAN",1825,3,555
"DINAN",1830,1,235
"DINAN",1835,3,245
"DINAN",1840,1,350
"DINAN",1845,3,290
"DINAN",1847,1,440
"DINAN",1847,3,935
"DINAN",1850,10,550
"PLANCOET",1840,1,200
"PLANCOET",1845,3,200
"PLANCOET",1847,1,150
"PLANCOET",1847,3,200
"PLANCOET",1850,10,300
"GUINGAMP",1825,3,209
"GUINGAMP",1830,1,203
"GUINGAMP",1835,3,79
"GUINGAMP",1840,1,495
"GUINGAMP",1845,3,473
"GUINGAMP",1847,1,314
"GUINGAMP",1847,3,536
"GUINGAMP",1850,10,284
"BOUSSAC",1825,3,40
"BOUSSAC",1830,1,60
"BOUSSAC",1835,3,115
"BOUSSAC",1840,1,40
"BOUSSAC",1845,3,4
"BOUSSAC",1850,10,20
"CHAMBON",1825,3,22
"CHAMBON",1830,1,30
"CHAMBON",1835,3,24
"CHAMBON",1840,1,30
"CHAMBON",1845,3,20
"CHAMBON",1847,1,10
"CHAMBON",1847,3,100
"CHAMBON",1850,10,60
"AUBUSSON",1825,3,42
"AUBUSSON",1830,1,34
"AUBUSSON",1835,3,50
"AUBUSSON",1840,1,338
"AUBUSSON",1845,3,221
"AUBUSSON",1847,1,46
"AUBUSSON",1847,3,131
"AUBUSSON",1850,10,50
"SARLAT",1825,3,370
"SARLAT",1830,1,264
"SARLAT",1835,3,314
"SARLAT",1840,1,375
"SARLAT",1845,3,225
"SARLAT",1847,1,145
"SARLAT",1847,3,173
"SARLAT",1850,10,85
"BELVES",1825,3,86
"BELVES",1830,1,58
"BELVES",1835,3,50
"BELVES",1840,1,120
"BELVES",1845,3,130
"BELVES",1847,1,60
"BELVES",1847,3,200
"BELVES",1850,10,55
"BUGUE",1825,3,50
"BUGUE",1830,1,52
"BUGUE",1835,3,17
"BUGUE",1840,1,35
"BUGUE",1845,3,43
"BUGUE",1847,1,109
"BUGUE",1847,3,97
"BUGUE",1850,10,107
"BESANCON",1825,3,2870
"BESANCON",1830,1,1469
"BESANCON",1835,3,2480
"BESANCON",1840,1,2399
"BESANCON",1845,3,2510
"BESANCON",1847,1,1077
"BESANCON",1847,3,5174
"BESANCON",1850,10,5017
"ORNANS",1825,3,984
"ORNANS",1830,1,255
"ORNANS",1835,3,465
"ORNANS",1840,1,165
"ORNANS",1845,3,411
"ORNANS",1847,1,122
"ORNANS",1847,3,497
"ORNANS",1850,10,563
"BAUME",1825,3,80
"BAUME",1830,1,60
"BAUME",1835,3,109
"BAUME",1840,1,122
"BAUME",1845,3,235
"BAUME",1847,1,140
"BAUME",1847,3,340
"BAUME",1850,10,96
"CLERVAL",1845,3,44
"CLERVAL",1847,1,13
"CLERVAL",1847,3,93
"CLERVAL",1850,10,21
"CREST",1825,3,48
"CREST",1830,1,10
"CREST",1835,3,67
"CREST",1840,1,135
"CREST",1845,3,135
"CREST",1847,1,65
"CREST",1847,3,63
"CREST",1850,10,12
"SAILLANS",1825,3,22
"SAILLANS",1830,1,20
"SAILLANS",1835,3,14
"SAILLANS",1840,1,25
"SAILLANS",1845,3,5
"SAILLANS",1847,1,10
"SAILLANS",1847,3,20
"SAILLANS",1850,10,15
"DIEULEFIT",1830,1,80
"DIEULEFIT",1835,3,175
"DIEULEFIT",1845,3,450
"DIEULEFIT",1847,1,150
"DIEULEFIT",1847,3,200
"DIEULEFIT",1850,10,350
"MONTELIMAR",1825,3,27
"MONTELIMAR",1835,3,36
"MONTELIMAR",1840,1,12
"MONTELIMAR",1845,3,110
"MONTELIMAR",1847,1,56
"MONTELIMAR",1847,3,45
"MONTELIMAR",1850,10,34
"ANDELYS",1825,3,214
"ANDELYS",1830,1,226
"ANDELYS",1835,3,314
"ANDELYS",1840,1,348
"ANDELYS",1845,3,600
"ANDELYS",1847,1,508
"ANDELYS",1847,3,850
"ANDELYS",1850,10,718
"GISORS",1825,3,450
"GISORS",1830,1,588
"GISORS",1835,3,530
"GISORS",1840,1,408
"GISORS",1845,3,802
"GISORS",1847,1,710
"GISORS",1847,3,1286
"GISORS",1850,10,694
"BERNAY",1825,3,870
"BERNAY",1830,1,858
"BERNAY",1835,3,686
"BERNAY",1840,1,572
"BERNAY",1845,3,322
"BERNAY",1847,1,574
"BERNAY",1847,3,296
"BERNAY",1850,10,658
"BRIONNE",1840,1,310
"BRIONNE",1845,3,317
"BRIONNE",1847,1,342
"BRIONNE",1847,3,134
"BRIONNE",1850,10,896
"EVREUX",1825,3,1602
"EVREUX",1830,1,1038
"EVREUX",1835,3,884
"EVREUX",1840,1,792
"EVREUX",1845,3,1234
"EVREUX",1847,1,1630
"EVREUX",1847,3,1702
"EVREUX",1850,10,1892
"DAMVILLE",1840,1,330
"DAMVILLE",1845,3,200
"DAMVILLE",1847,1,220
"DAMVILLE",1847,3,260
"DAMVILLE",1850,10,400
"ST ANDRE",1840,1,168
"ST ANDRE",1845,3,304
"ST ANDRE",1847,1,326
"ST ANDRE",1847,3,1240
"ST ANDRE",1850,10,710
"LOUVIERS",1825,3,674
"LOUVIERS",1830,1,722
"LOUVIERS",1835,3,834
"LOUVIERS",1840,1,591
"LOUVIERS",1845,3,1180
"LOUVIERS",1847,1,594
"LOUVIERS",1847,3,1216
"LOUVIERS",1850,10,1174
"CHARTRES",1825,3,4376
"CHARTRES",1830,1,9120
"CHARTRES",1835,3,6450
"CHARTRES",1840,1,8000
"CHARTRES",1845,3,3000
"CHARTRES",1847,1,1400
"CHARTRES",1847,3,50
"CHARTRES",1850,10,3050
"AUNEAU",1825,3,525
"AUNEAU",1830,1,1079
"AUNEAU",1835,3,580
"AUNEAU",1840,1,900
"AUNEAU",1845,3,420
"AUNEAU",1847,1,300
"AUNEAU",1847,3,1750
"AUNEAU",1850,10,360
"COURVILLE",1825,3,602
"COURVILLE",1830,1,565
"COURVILLE",1835,3,345
"COURVILLE",1840,1,483
"COURVILLE",1845,3,357
"COURVILLE",1847,1,438
"COURVILLE",1847,3,564
"COURVILLE",1850,10,584
"GALLARDON",1825,3,780
"GALLARDON",1830,1,1038
"GALLARDON",1835,3,990
"GALLARDON",1840,1,2580
"GALLARDON",1845,3,1884
"GALLARDON",1847,1,1665
"GALLARDON",1847,3,1058
"GALLARDON",1850,10,2406
"MAINTENON",1825,3,219
"MAINTENON",1830,1,127
"MAINTENON",1835,3,110
"MAINTENON",1840,1,265
"MAINTENON",1845,3,165
"MAINTENON",1847,1,153
"MAINTENON",1847,3,210
"MAINTENON",1850,10,243
"CHATEAUDUN",1825,3,2089
"CHATEAUDUN",1830,1,2091
"CHATEAUDUN",1835,3,1117
"CHATEAUDUN",1840,1,2469
"CHATEAUDUN",1845,3,1590
"CHATEAUDUN",1847,1,1341
"CHATEAUDUN",1847,3,2720
"CHATEAUDUN",1850,10,2482
"BREST",1825,3,185
"BREST",1830,1,111
"BREST",1835,3,167
"BREST",1840,1,104
"BREST",1845,3,243
"BREST",1847,1,152
"BREST",1847,3,190
"BREST",1850,10,160
"LANDERNEAU",1825,3,717
"LANDERNEAU",1830,1,1065
"LANDERNEAU",1835,3,2100
"LANDERNEAU",1840,1,710
"LANDERNEAU",1845,3,750
"LANDERNEAU",1847,1,378
"LANDERNEAU",1847,3,536
"LANDERNEAU",1850,10,519
"LANNILIS",1830,1,204
"LANNILIS",1835,3,298
"LANNILIS",1840,1,489
"LANNILIS",1845,3,147
"LANNILIS",1847,1,102
"LANNILIS",1847,3,63
"LANNILIS",1850,10,59
"LESNEVEN",1835,3,1
"LESNEVEN",1840,1,270
"LESNEVEN",1845,3,330
"LESNEVEN",1847,1,520
"LESNEVEN",1847,3,6
"LESNEVEN",1850,10,290
"ST RENAN",1825,3,375
"ST RENAN",1830,1,490
"ST RENAN",1835,3,570
"ST RENAN",1840,1,750
"ST RENAN",1845,3,860
"ST RENAN",1847,1,1310
"ST RENAN",1847,3,700
"ST RENAN",1850,10,1395
"PT L'ABBE",1825,3,20
"PT L'ABBE",1830,1,15
"PT L'ABBE",1835,3,27
"PT L'ABBE",1840,1,55
"PT L'ABBE",1845,3,55
"PT L'ABBE",1847,1,35
"PT L'ABBE",1847,3,290
"PT L'ABBE",1850,10,39
"ALAIS",1825,3,130
"ALAIS",1830,1,40
"ALAIS",1835,3,180
"ALAIS",1840,1,235
"ALAIS",1845,3,580
"ALAIS",1847,1,445
"ALAIS",1847,3,640
"ALAIS",1850,10,500
"ST AMBROIX",1825,3,120
"ST AMBROIX",1830,1,138
"ST AMBROIX",1835,3,390
"ST AMBROIX",1840,1,195
"ST AMBROIX",1845,3,100
"ST AMBROIX",1847,1,40
"ST AMBROIX",1847,3,210
"ST AMBROIX",1850,10,250
"UZES",1825,3,150
"UZES",1830,1,115
"UZES",1835,3,220
"UZES",1840,1,725
"UZES",1845,3,780
"UZES",1847,1,440
"UZES",1847,3,850
"UZES",1850,10,684
"TOULOUSE",1825,3,793
"TOULOUSE",1830,1,294
"TOULOUSE",1835,3,467
"TOULOUSE",1840,1,518
"TOULOUSE",1845,3,619
"TOULOUSE",1847,1,1266
"TOULOUSE",1847,3,2165
"TOULOUSE",1850,10,858
"GRENADE",1825,3,42
"GRENADE",1830,1,27
"GRENADE",1835,3,20
"GRENADE",1840,1,110
"GRENADE",1845,3,85
"GRENADE",1847,1,177
"GRENADE",1847,3,273
"GRENADE",1850,10,200
"VILLEFRANC",1825,3,157
"VILLEFRANC",1830,1,70
"VILLEFRANC",1835,3,86
"VILLEFRANC",1840,1,126
"VILLEFRANC",1845,3,313
"VILLEFRANC",1847,1,196
"VILLEFRANC",1847,3,301
"VILLEFRANC",1850,10,143
"REVEL",1825,3,425
"REVEL",1830,1,609
"REVEL",1835,3,570
"REVEL",1840,1,842
"REVEL",1845,3,1433
"REVEL",1847,1,835
"REVEL",1847,3,1523
"REVEL",1850,10,460
"MURET",1825,3,337
"MURET",1830,1,210
"MURET",1835,3,309
"MURET",1840,1,392
"MURET",1845,3,238
"MURET",1847,1,279
"MURET",1847,3,540
"MURET",1850,10,429
"CAZARES",1825,3,225
"CAZARES",1830,1,534
"CAZARES",1835,3,180
"CAZARES",1840,1,360
"CAZARES",1845,3,132
"CAZARES",1847,1,210
"CAZARES",1847,3,542
"CAZARES",1850,10,300
"AUCH",1825,3,29
"AUCH",1830,1,10
"AUCH",1835,3,71
"AUCH",1840,1,100
"AUCH",1845,3,360
"AUCH",1847,1,150
"AUCH",1847,3,66
"AUCH",1850,10,36
"GIMONT",1825,3,250
"GIMONT",1830,1,75
"GIMONT",1835,3,350
"GIMONT",1840,1,300
"GIMONT",1845,3,350
"GIMONT",1847,1,60
"GIMONT",1847,3,160
"GIMONT",1850,10,320
"BORDEAUX",1825,3,1700
"BORDEAUX",1830,1,5000
"BORDEAUX",1835,3,3000
"BORDEAUX",1840,1,6000
"BORDEAUX",1845,3,1000
"BORDEAUX",1847,1,7000
"BORDEAUX",1847,3,4750
"CADILLAC",1825,3,170
"CADILLAC",1830,1,129
"CADILLAC",1835,3,100
"CADILLAC",1840,1,100
"CADILLAC",1845,3,18
"CADILLAC",1847,1,12
"CADILLAC",1847,3,185
"CADILLAC",1850,10,83
"CREON",1825,3,410
"CREON",1830,1,289
"CREON",1835,3,774
"CREON",1840,1,422
"CREON",1845,3,281
"CREON",1847,1,46
"CREON",1847,3,123
"CREON",1850,10,210
"CASTILLON",1830,1,38
"CASTILLON",1835,3,115
"CASTILLON",1840,1,150
"CASTILLON",1845,3,184
"CASTILLON",1847,1,148
"CASTILLON",1847,3,98
"CASTILLON",1850,10,165
"STE FOY",1825,3,70
"STE FOY",1830,1,178
"STE FOY",1835,3,315
"STE FOY",1840,1,710
"STE FOY",1845,3,326
"STE FOY",1847,1,530
"STE FOY",1847,3,540
"STE FOY",1850,10,340
"BEZIERS",1825,3,787
"BEZIERS",1830,1,464
"BEZIERS",1835,3,700
"BEZIERS",1840,1,462
"BEZIERS",1845,3,335
"BEZIERS",1847,1,637
"BEZIERS",1847,3,285
"BEZIERS",1850,10,300
"ST PONS",1835,3,230
"ST PONS",1840,1,110
"ST PONS",1845,3,230
"ST PONS",1847,1,60
"ST PONS",1847,3,128
"ST PONS",1850,10,58
"FOUGERES",1825,3,160
"FOUGERES",1830,1,45
"FOUGERES",1835,3,225
"FOUGERES",1840,1,200
"FOUGERES",1845,3,250
"FOUGERES",1847,1,200
"FOUGERES",1847,3,340
"FOUGERES",1850,10,325
"ST AUBIN",1825,3,55
"ST AUBIN",1830,1,45
"ST AUBIN",1835,3,40
"ST AUBIN",1840,1,45
"ST AUBIN",1845,3,46
"ST AUBIN",1847,1,31
"ST AUBIN",1847,3,30
"ST AUBIN",1850,10,36
"BECHEREL",1825,3,9997
"BECHEREL",1830,1,808
"BECHEREL",1835,3,640
"BECHEREL",1840,1,360
"BECHEREL",1845,3,530
"BECHEREL",1847,1,120
"BECHEREL",1847,3,290
"BECHEREL",1850,10,317
"MONTFORT",1835,3,24
"MONTFORT",1840,1,22
"MONTFORT",1845,3,48
"MONTFORT",1847,1,18
"MONTFORT",1847,3,29
"MONTFORT",1850,10,23
"VITRE",1825,3,225
"VITRE",1830,1,150
"VITRE",1835,3,30
"VITRE",1840,1,35
"VITRE",1845,3,36
"VITRE",1847,1,42
"VITRE",1847,3,441
"VITRE",1850,10,220
"ARGENTON",1825,3,105
"ARGENTON",1830,1,50
"ARGENTON",1835,3,95
"ARGENTON",1840,1,90
"ARGENTON",1845,3,142
"ARGENTON",1847,1,139
"ARGENTON",1847,3,104
"ARGENTON",1850,10,110
"BUZANCAIS",1825,3,274
"BUZANCAIS",1830,1,312
"BUZANCAIS",1835,3,56
"BUZANCAIS",1840,1,208
"BUZANCAIS",1845,3,236
"BUZANCAIS",1847,1,118
"BUZANCAIS",1847,3,490
"BUZANCAIS",1850,10,287
"CHATEAURX",1825,3,780
"CHATEAURX",1830,1,746
"CHATEAURX",1835,3,445
"CHATEAURX",1840,1,1134
"CHATEAURX",1845,3,1290
"CHATEAURX",1847,1,489
"CHATEAURX",1847,3,1530
"CHATEAURX",1850,10,1971
"CHATILLON",1825,3,110
"CHATILLON",1830,1,246
"CHATILLON",1835,3,242
"CHATILLON",1840,1,155
"CHATILLON",1845,3,134
"CHATILLON",1847,1,53
"CHATILLON",1847,3,157
"CHATILLON",1850,10,218
"TOURS",1825,3,386
"TOURS",1830,1,336
"TOURS",1835,3,235
"TOURS",1840,1,657
"TOURS",1845,3,142
"TOURS",1847,1,256
"TOURS",1847,3,243
"TOURS",1850,10,184
"CHT LA VIL",1825,3,40
"CHT LA VIL",1830,1,60
"CHT LA VIL",1835,3,12
"CHT LA VIL",1840,1,15
"CHT LA VIL",1845,3,15
"CHT LA VIL",1847,1,8
"CHT LA VIL",1847,3,56
"CHT LA VIL",1850,10,18
"CHATEAUREN",1825,3,300
"CHATEAUREN",1830,1,364
"CHATEAUREN",1835,3,146
"CHATEAUREN",1840,1,527
"CHATEAUREN",1845,3,229
"CHATEAUREN",1847,1,58
"CHATEAUREN",1847,3,500
"CHATEAUREN",1850,10,671
"CORMERY",1825,3,1115
"CORMERY",1830,1,960
"CORMERY",1835,3,485
"CORMERY",1840,1,590
"CORMERY",1845,3,550
"CORMERY",1847,1,5
"CORMERY",1847,3,200
"CORMERY",1850,10,1050
"BLERE",1825,3,117
"BLERE",1830,1,200
"BLERE",1835,3,310
"BLERE",1840,1,404
"BLERE",1845,3,260
"BLERE",1847,1,25
"BLERE",1847,3,256
"BLERE",1850,10,200
"GRENOBLE",1825,3,1365
"GRENOBLE",1830,1,725
"GRENOBLE",1835,3,1645
"GRENOBLE",1840,1,1800
"GRENOBLE",1845,3,1865
"GRENOBLE",1847,1,1061
"GRENOBLE",1847,3,2699
"GRENOBLE",1850,10,671
"VOIRON",1825,3,1200
"VOIRON",1830,1,50
"VOIRON",1835,3,40
"VOIRON",1840,1,70
"VOIRON",1845,3,25
"VOIRON",1847,1,250
"VOIRON",1847,3,200
"VOIRON",1850,10,110
"LA MURE",1825,3,30
"LA MURE",1830,1,70
"LA MURE",1835,3,103
"LA MURE",1840,1,84
"LA MURE",1845,3,160
"LA MURE",1847,1,201
"LA MURE",1847,3,118
"LA MURE",1850,10,60
"MENS",1825,3,9
"MENS",1830,1,40
"MENS",1835,3,40
"MENS",1840,1,18
"MENS",1845,3,40
"MENS",1847,1,47
"MENS",1847,3,189
"MENS",1850,10,33
"DOLE",1825,3,490
"DOLE",1830,1,89
"DOLE",1835,3,451
"DOLE",1840,1,1365
"DOLE",1845,3,1085
"DOLE",1847,1,1222
"DOLE",1847,3,3037
"DOLE",1850,10,594
"BLETTERANS",1825,3,520
"BLETTERANS",1830,1,1160
"BLETTERANS",1835,3,185
"BLETTERANS",1840,1,360
"BLETTERANS",1845,3,990
"BLETTERANS",1847,1,565
"BLETTERANS",1847,3,820
"BLETTERANS",1850,10,210
"COUSANCE",1835,3,400
"COUSANCE",1840,1,200
"COUSANCE",1845,3,80
"COUSANCE",1847,1,60
"COUSANCE",1847,3,80
"COUSANCE",1850,10,80
"MT DE MARS",1825,3,45
"MT DE MARS",1830,1,14
"MT DE MARS",1835,3,16
"MT DE MARS",1840,1,13
"MT DE MARS",1845,3,10
"MT DE MARS",1847,1,3
"MT DE MARS",1847,3,4
"MT DE MARS",1850,10,9
"DAX",1825,3,250
"DAX",1835,3,140
"DAX",1840,1,270
"DAX",1845,3,500
"DAX",1847,1,700
"DAX",1847,3,2140
"DAX",1850,10,900
"PEYREHORAD",1825,3,255
"PEYREHORAD",1830,1,85
"PEYREHORAD",1835,3,210
"PEYREHORAD",1840,1,70
"PEYREHORAD",1845,3,205
"PEYREHORAD",1847,1,115
"PEYREHORAD",1847,3,185
"PEYREHORAD",1850,10,217
"BLOIS",1825,3,320
"BLOIS",1830,1,174
"BLOIS",1835,3,774
"BLOIS",1840,1,1221
"BLOIS",1845,3,1534
"BLOIS",1847,1,1129
"BLOIS",1847,3,1538
"BLOIS",1850,10,874
"BRACIEUX",1825,3,7
"BRACIEUX",1847,3,5
"BRACIEUX",1850,10,4
"CONTRES",1825,3,205
"CONTRES",1830,1,154
"CONTRES",1835,3,104
"CONTRES",1840,1,132
"CONTRES",1845,3,76
"CONTRES",1847,1,48
"CONTRES",1847,3,237
"CONTRES",1850,10,160
"HERBAULT",1825,3,160
"HERBAULT",1830,1,220
"HERBAULT",1835,3,100
"HERBAULT",1840,1,195
"HERBAULT",1845,3,36
"HERBAULT",1847,1,301
"HERBAULT",1847,3,257
"HERBAULT",1850,10,71
"MER",1825,3,496
"MER",1830,1,293
"MER",1835,3,208
"MER",1840,1,271
"MER",1845,3,498
"MER",1847,1,941
"MER",1847,3,431
"MER",1850,10,436
"MONTBRISON",1825,3,500
"MONTBRISON",1830,1,120
"MONTBRISON",1835,3,620
"MONTBRISON",1840,1,600
"MONTBRISON",1845,3,4300
"MONTBRISON",1847,1,1000
"MONTBRISON",1847,3,3300
"MONTBRISON",1850,10,720
"ROANNE",1825,3,970
"ROANNE",1830,1,125
"ROANNE",1835,3,400
"ROANNE",1840,1,240
"ROANNE",1845,3,440
"ROANNE",1847,1,920
"ROANNE",1847,3,960
"ROANNE",1850,10,1040
"LE PUY",1825,3,187
"LE PUY",1830,1,198
"LE PUY",1835,3,192
"LE PUY",1840,1,222
"LE PUY",1845,3,1110
"LE PUY",1847,1,1050
"LE PUY",1847,3,525
"LE PUY",1850,10,130
"MONASTIER",1840,1,45
"MONASTIER",1845,3,50
"MONASTIER",1847,1,35
"MONASTIER",1847,3,26
"MONASTIER",1850,10,36
"BRIOUDE",1825,3,50
"BRIOUDE",1835,3,105
"BRIOUDE",1840,1,290
"BRIOUDE",1845,3,315
"BRIOUDE",1847,1,285
"BRIOUDE",1847,3,345
"BRIOUDE",1850,10,305
"LANGEAC",1825,3,19
"LANGEAC",1835,3,5
"LANGEAC",1840,1,30
"LANGEAC",1845,3,28
"LANGEAC",1847,1,38
"LANGEAC",1847,3,54
"LANGEAC",1850,10,13
"CHATEAUBRI",1825,3,117
"CHATEAUBRI",1830,1,91
"CHATEAUBRI",1835,3,112
"CHATEAUBRI",1840,1,97
"CHATEAUBRI",1845,3,187
"CHATEAUBRI",1847,1,95
"CHATEAUBRI",1847,3,218
"CHATEAUBRI",1850,10,103
"CLISSON",1830,1,123
"CLISSON",1835,3,90
"CLISSON",1840,1,64
"CLISSON",1845,3,154
"CLISSON",1847,1,49
"CLISSON",1847,3,168
"CLISSON",1850,10,56
"GUERANDE",1830,1,218
"GUERANDE",1835,3,170
"GUERANDE",1840,1,210
"GUERANDE",1845,3,180
"GUERANDE",1847,1,330
"GUERANDE",1847,3,390
"GUERANDE",1850,10,148
"MACHECOUL",1825,3,170
"MACHECOUL",1830,1,175
"MACHECOUL",1835,3,64
"MACHECOUL",1840,1,90
"MACHECOUL",1845,3,40
"MACHECOUL",1847,1,30
"MACHECOUL",1847,3,50
"MACHECOUL",1850,10,56
"NANTES",1825,3,1203
"NANTES",1830,1,454
"NANTES",1835,3,442
"NANTES",1840,1,1266
"NANTES",1845,3,934
"NANTES",1847,1,1010
"NANTES",1847,3,1053
"NANTES",1850,10,3410
"ORLEANS",1825,3,2906
"ORLEANS",1830,1,1436
"ORLEANS",1835,3,1347
"ORLEANS",1840,1,3006
"ORLEANS",1845,3,829
"ORLEANS",1847,1,506
"ORLEANS",1847,3,1771
"ORLEANS",1850,10,660
"BEAUGENCY",1825,3,1533
"BEAUGENCY",1830,1,1803
"BEAUGENCY",1835,3,1170
"BEAUGENCY",1840,1,852
"BEAUGENCY",1845,3,1332
"BEAUGENCY",1847,1,1538
"BEAUGENCY",1847,3,1180
"BEAUGENCY",1850,10,2434
"NEUVILLE",1825,3,140
"NEUVILLE",1830,1,70
"NEUVILLE",1835,3,110
"NEUVILLE",1840,1,48
"NEUVILLE",1845,3,80
"NEUVILLE",1847,1,240
"NEUVILLE",1847,3,675
"NEUVILLE",1850,10,187
"PITHIVIERS",1825,3,387
"PITHIVIERS",1830,1,400
"PITHIVIERS",1835,3,270
"PITHIVIERS",1840,1,465
"PITHIVIERS",1845,3,440
"PITHIVIERS",1847,1,500
"PITHIVIERS",1847,3,1195
"PITHIVIERS",1850,10,615
"MALESHERBE",1825,3,1125
"MALESHERBE",1830,1,315
"MALESHERBE",1835,3,190
"MALESHERBE",1840,1,192
"MALESHERBE",1845,3,117
"MALESHERBE",1847,1,189
"MALESHERBE",1847,3,291
"MALESHERBE",1850,10,132
"CAHORS",1825,3,778
"CAHORS",1830,1,214
"CAHORS",1835,3,696
"CAHORS",1840,1,266
"CAHORS",1845,3,346
"CAHORS",1847,1,996
"CAHORS",1847,3,1208
"CAHORS",1850,10,173
"ST CERE",1825,3,210
"ST CERE",1830,1,57
"ST CERE",1835,3,161
"ST CERE",1840,1,168
"ST CERE",1845,3,261
"ST CERE",1847,1,240
"ST CERE",1847,3,217
"ST CERE",1850,10,192
"GOURDON",1825,3,275
"GOURDON",1830,1,119
"GOURDON",1835,3,168
"GOURDON",1840,1,244
"GOURDON",1845,3,204
"GOURDON",1847,1,225
"GOURDON",1847,3,218
"GOURDON",1850,10,246
"AGEN",1825,3,81
"AGEN",1830,1,18
"AGEN",1835,3,47
"AGEN",1840,1,176
"AGEN",1845,3,68
"AGEN",1847,1,50
"AGEN",1847,3,200
"AGEN",1850,10,89
"ASTAFFORT",1825,3,57
"ASTAFFORT",1830,1,27
"ASTAFFORT",1835,3,72
"ASTAFFORT",1840,1,27
"ASTAFFORT",1845,3,11
"ASTAFFORT",1847,1,21
"ASTAFFORT",1847,3,38
"ASTAFFORT",1850,10,25
"LAROQUE-TI",1825,3,540
"LAROQUE-TI",1830,1,260
"LAROQUE-TI",1835,3,354
"LAROQUE-TI",1840,1,290
"LAROQUE-TI",1845,3,160
"LAROQUE-TI",1847,1,175
"LAROQUE-TI",1850,10,18
"PUYMIROL",1825,3,17
"PUYMIROL",1830,1,46
"PUYMIROL",1835,3,60
"PUYMIROL",1840,1,60
"PUYMIROL",1845,3,71
"PUYMIROL",1847,1,64
"PUYMIROL",1847,3,51
"PUYMIROL",1850,10,36
"MARMANDE",1825,3,140
"MARMANDE",1830,1,27
"MARMANDE",1835,3,88
"MARMANDE",1840,1,143
"MARMANDE",1845,3,163
"MARMANDE",1847,3,205
"MARMANDE",1850,10,144
"MAS D'AGEN",1825,3,70
"MAS D'AGEN",1830,1,60
"MAS D'AGEN",1835,3,90
"MAS D'AGEN",1840,1,896
"MAS D'AGEN",1845,3,263
"MAS D'AGEN",1847,1,51
"MAS D'AGEN",1847,3,713
"MAS D'AGEN",1850,10,192
"FLORAC",1825,3,69
"FLORAC",1830,1,45
"FLORAC",1835,3,45
"FLORAC",1840,1,40
"FLORAC",1845,3,51
"FLORAC",1847,1,39
"FLORAC",1847,3,53
"FLORAC",1850,10,34
"MEYRUIS",1825,3,3
"MEYRUIS",1830,1,31
"MEYRUIS",1835,3,9
"MEYRUIS",1840,1,14
"MEYRUIS",1847,3,5
"PT DE MTVE",1825,3,7
"PT DE MTVE",1840,1,41
"PT DE MTVE",1847,1,7
"PT DE MTVE",1850,10,9
"LA CANOURG",1825,3,50
"LA CANOURG",1830,1,50
"LA CANOURG",1835,3,46
"LA CANOURG",1840,1,56
"LA CANOURG",1845,3,120
"LA CANOURG",1847,1,36
"LA CANOURG",1847,3,55
"LA CANOURG",1850,10,55
"MENDE",1825,3,9
"MENDE",1830,1,71
"MENDE",1835,3,51
"MENDE",1840,1,62
"MENDE",1845,3,67
"MENDE",1847,1,15
"MENDE",1847,3,132
"MENDE",1850,10,50
"ANGERS",1825,3,380
"ANGERS",1830,1,560
"ANGERS",1835,3,275
"ANGERS",1840,1,345
"ANGERS",1845,3,330
"ANGERS",1847,1,220
"ANGERS",1847,3,330
"ANGERS",1850,10,200
"BRISSAC",1825,3,125
"BRISSAC",1830,1,90
"BRISSAC",1835,3,110
"BRISSAC",1840,1,110
"BRISSAC",1845,3,95
"BRISSAC",1847,1,60
"BRISSAC",1847,3,105
"BRISSAC",1850,10,95
"BAUGE",1825,3,186
"BAUGE",1830,1,320
"BAUGE",1835,3,100
"BAUGE",1840,1,200
"BAUGE",1845,3,120
"BAUGE",1847,1,34
"BAUGE",1847,3,80
"BAUGE",1850,10,40
"AVRANCHES",1825,3,584
"AVRANCHES",1830,1,612
"AVRANCHES",1835,3,382
"AVRANCHES",1840,1,696
"AVRANCHES",1845,3,750
"AVRANCHES",1847,1,460
"AVRANCHES",1847,3,510
"AVRANCHES",1850,10,775
"GRANVILLE",1825,3,680
"GRANVILLE",1830,1,550
"GRANVILLE",1835,3,300
"GRANVILLE",1840,1,310
"GRANVILLE",1845,3,260
"GRANVILLE",1847,1,260
"GRANVILLE",1847,3,390
"GRANVILLE",1850,10,340
"PONTORSON",1835,3,357
"PONTORSON",1840,1,394
"PONTORSON",1845,3,431
"PONTORSON",1847,1,330
"PONTORSON",1847,3,505
"PONTORSON",1850,10,592
"ST JAMES",1850,10,253
"VILLEDIEU",1825,3,672
"VILLEDIEU",1830,1,260
"VILLEDIEU",1835,3,480
"VILLEDIEU",1840,1,430
"VILLEDIEU",1845,3,501
"VILLEDIEU",1847,1,611
"VILLEDIEU",1847,3,403
"VILLEDIEU",1850,10,567
"CHERBOURG",1825,3,1256
"CHERBOURG",1830,1,1514
"CHERBOURG",1835,3,1299
"CHERBOURG",1840,1,1246
"CHERBOURG",1845,3,1646
"CHERBOURG",1847,1,1937
"CHERBOURG",1847,3,1821
"CHERBOURG",1850,10,1166
"LES PIEUX",1850,10,360
"SAINT LO",1825,3,1442
"SAINT LO",1830,1,1570
"SAINT LO",1835,3,1340
"SAINT LO",1840,1,1576
"SAINT LO",1845,3,1878
"SAINT LO",1847,1,1676
"SAINT LO",1847,3,1352
"SAINT LO",1850,10,1856
"CHALONS",1825,3,854
"CHALONS",1830,1,2548
"CHALONS",1835,3,1376
"CHALONS",1840,1,971
"CHALONS",1845,3,965
"CHALONS",1847,1,343
"CHALONS",1847,3,1531
"CHALONS",1850,10,186
"EPERNAY",1825,3,667
"EPERNAY",1830,1,578
"EPERNAY",1835,3,510
"EPERNAY",1840,1,368
"EPERNAY",1845,3,471
"EPERNAY",1847,1,215
"EPERNAY",1847,3,427
"EPERNAY",1850,10,321
"SEZANNE",1835,3,443
"SEZANNE",1840,1,415
"SEZANNE",1845,3,220
"SEZANNE",1847,1,243
"SEZANNE",1847,3,551
"SEZANNE",1850,10,363
"FISMES",1835,3,14
"FISMES",1840,1,22
"FISMES",1845,3,17
"FISMES",1847,1,11
"FISMES",1847,3,54
"FISMES",1850,10,5
"ST DIZIER",1825,3,60
"ST DIZIER",1830,1,65
"ST DIZIER",1835,3,74
"ST DIZIER",1840,1,132
"ST DIZIER",1845,3,340
"ST DIZIER",1847,1,140
"ST DIZIER",1847,3,305
"ST DIZIER",1850,10,232
"JOINVILLE",1825,3,139
"JOINVILLE",1830,1,247
"JOINVILLE",1835,3,92
"JOINVILLE",1840,1,177
"JOINVILLE",1845,3,621
"JOINVILLE",1847,1,88
"JOINVILLE",1847,3,674
"JOINVILLE",1850,10,275
"CHATEAUGON",1825,3,234
"CHATEAUGON",1830,1,361
"CHATEAUGON",1835,3,198
"CHATEAUGON",1840,1,385
"CHATEAUGON",1845,3,270
"CHATEAUGON",1847,1,780
"CHATEAUGON",1847,3,950
"CHATEAUGON",1850,10,1310
"CRAON",1825,3,130
"CRAON",1830,1,300
"CRAON",1835,3,32
"CRAON",1840,1,78
"CRAON",1845,3,13
"CRAON",1847,1,9
"CRAON",1847,3,12
"CRAON",1850,10,12
"EVRON",1825,3,38
"EVRON",1830,1,70
"EVRON",1835,3,93
"EVRON",1840,1,150
"EVRON",1845,3,128
"EVRON",1847,1,130
"EVRON",1847,3,56
"EVRON",1850,10,100
"LAVAL",1825,3,451
"LAVAL",1830,1,301
"LAVAL",1835,3,1213
"LAVAL",1840,1,1250
"LAVAL",1845,3,3400
"LAVAL",1847,1,3000
"LAVAL",1847,3,3200
"LAVAL",1850,10,15
"ERNEE",1825,3,325
"ERNEE",1830,1,50
"ERNEE",1835,3,145
"ERNEE",1840,1,70
"ERNEE",1845,3,25
"ERNEE",1847,1,50
"ERNEE",1847,3,80
"ERNEE",1850,10,230
"LUNEVILLE",1825,3,946
"LUNEVILLE",1830,1,894
"LUNEVILLE",1835,3,524
"LUNEVILLE",1840,1,811
"LUNEVILLE",1845,3,1098
"LUNEVILLE",1847,1,310
"LUNEVILLE",1847,3,1216
"LUNEVILLE",1850,10,949
"BLAMONT",1825,3,273
"BLAMONT",1830,1,282
"BLAMONT",1835,3,397
"BLAMONT",1840,1,430
"BLAMONT",1845,3,465
"BLAMONT",1847,1,360
"BLAMONT",1847,3,500
"BLAMONT",1850,10,560
"BADONVILLE",1847,1,200
"BADONVILLE",1847,3,320
"BADONVILLE",1850,10,260
"NANCY",1825,3,135
"NANCY",1830,1,99
"NANCY",1835,3,248
"NANCY",1840,1,164
"NANCY",1845,3,150
"NANCY",1847,1,57
"NANCY",1847,3,216
"NANCY",1850,10,75
"PT A MOUSS",1825,3,220
"PT A MOUSS",1830,1,181
"PT A MOUSS",1835,3,193
"PT A MOUSS",1840,1,209
"PT A MOUSS",1845,3,283
"PT A MOUSS",1847,1,10
"PT A MOUSS",1847,3,286
"PT A MOUSS",1850,10,182
"SARREBOURG",1825,3,356
"SARREBOURG",1830,1,159
"SARREBOURG",1835,3,339
"SARREBOURG",1840,1,417
"SARREBOURG",1845,3,1449
"SARREBOURG",1847,1,519
"SARREBOURG",1847,3,1027
"SARREBOURG",1850,10,712
"BAR LE DUC",1845,3,997
"BAR LE DUC",1847,1,240
"BAR LE DUC",1847,3,479
"BAR LE DUC",1850,10,274
"VERDUN",1825,3,40
"VERDUN",1830,1,372
"VERDUN",1835,3,320
"VERDUN",1840,1,445
"VERDUN",1845,3,315
"VERDUN",1847,1,50
"VERDUN",1847,3,300
"VERDUN",1850,10,125
"LOCMINE",1825,3,120
"LOCMINE",1830,1,160
"LOCMINE",1835,3,250
"LOCMINE",1840,1,350
"LOCMINE",1845,3,380
"LOCMINE",1847,1,240
"LOCMINE",1847,3,170
"LOCMINE",1850,10,140
"GUER",1825,3,20
"GUER",1835,3,120
"GUER",1840,1,41
"GUER",1845,3,44
"GUER",1847,1,135
"GUER",1847,3,28
"GUER",1850,10,44
"JOSSELIN",1825,3,437
"JOSSELIN",1830,1,890
"JOSSELIN",1835,3,250
"JOSSELIN",1840,1,400
"JOSSELIN",1845,3,600
"JOSSELIN",1847,1,850
"JOSSELIN",1847,3,250
"JOSSELIN",1850,10,298
"MALESTROIT",1825,3,20
"MALESTROIT",1830,1,27
"MALESTROIT",1835,3,71
"MALESTROIT",1840,1,60
"MALESTROIT",1845,3,36
"MALESTROIT",1847,1,145
"MALESTROIT",1847,3,94
"MALESTROIT",1850,10,147
"VANNES",1825,3,280
"VANNES",1830,1,35
"VANNES",1835,3,320
"VANNES",1840,1,345
"VANNES",1845,3,770
"VANNES",1847,1,338
"VANNES",1847,3,348
"VANNES",1850,10,589
"NEVERS",1825,3,226
"NEVERS",1830,1,155
"NEVERS",1835,3,333
"NEVERS",1840,1,233
"NEVERS",1845,3,94
"NEVERS",1847,1,18
"NEVERS",1847,3,325
"NEVERS",1850,10,145
"ST PIERRE",1825,3,32
"ST PIERRE",1830,1,23
"ST PIERRE",1835,3,31
"ST PIERRE",1840,1,120
"ST PIERRE",1845,3,65
"ST PIERRE",1847,1,41
"ST PIERRE",1847,3,50
"ST PIERRE",1850,10,120
"ST SAULGE",1845,3,45
"ST SAULGE",1847,1,20
"ST SAULGE",1847,3,51
"ST SAULGE",1850,10,55
"COSNE",1825,3,100
"COSNE",1830,1,166
"COSNE",1835,3,120
"COSNE",1840,1,131
"COSNE",1845,3,65
"COSNE",1850,10,52
"CAMBRAI",1825,3,2192
"CAMBRAI",1830,1,2219
"CAMBRAI",1835,3,3679
"CAMBRAI",1840,1,2689
"CAMBRAI",1845,3,5017
"CAMBRAI",1847,1,3102
"CAMBRAI",1847,3,6204
"CAMBRAI",1850,10,5991
"LE CATEAU",1825,3,42
"LE CATEAU",1830,1,102
"LE CATEAU",1835,3,51
"LE CATEAU",1840,1,172
"LE CATEAU",1845,3,77
"LE CATEAU",1847,1,1
"LE CATEAU",1847,3,74
"LE CATEAU",1850,10,76
"ST AMAND",1825,3,463
"ST AMAND",1830,1,474
"ST AMAND",1835,3,271
"ST AMAND",1840,1,265
"ST AMAND",1845,3,277
"ST AMAND",1847,1,198
"ST AMAND",1847,3,553
"ST AMAND",1850,10,279
"DOUAI",1825,3,4510
"DOUAI",1830,1,3689
"DOUAI",1835,3,5133
"DOUAI",1840,1,3568
"DOUAI",1845,3,4328
"DOUAI",1847,1,4929
"DOUAI",1847,3,4726
"DOUAI",1850,10,6788
"MARCHIENNE",1830,1,57
"MARCHIENNE",1845,3,340
"MARCHIENNE",1847,1,140
"MARCHIENNE",1847,3,200
"MARCHIENNE",1850,10,200
"ORCHIES",1825,3,2465
"ORCHIES",1830,1,1376
"ORCHIES",1835,3,2020
"ORCHIES",1840,1,1870
"ORCHIES",1845,3,2734
"ORCHIES",1847,1,3193
"ORCHIES",1847,3,3560
"ORCHIES",1850,10,1564
"LILLE",1825,3,3432
"LILLE",1830,1,2223
"LILLE",1835,3,2859
"LILLE",1840,1,3564
"LILLE",1845,3,2640
"LILLE",1847,1,2986
"LILLE",1847,3,3529
"LILLE",1850,10,2704
"BEAUVAIS",1825,3,816
"BEAUVAIS",1830,1,1076
"BEAUVAIS",1835,3,1088
"BEAUVAIS",1840,1,1230
"BEAUVAIS",1845,3,1130
"BEAUVAIS",1847,1,1180
"BEAUVAIS",1847,3,3812
"BEAUVAIS",1850,10,2244
"FORMERIE",1840,1,120
"FORMERIE",1845,3,146
"FORMERIE",1847,1,354
"FORMERIE",1847,3,336
"FORMERIE",1850,10,238
"GRDVILLIER",1825,3,160
"GRDVILLIER",1830,1,185
"GRDVILLIER",1835,3,280
"GRDVILLIER",1840,1,195
"GRDVILLIER",1845,3,870
"GRDVILLIER",1847,1,990
"GRDVILLIER",1847,3,760
"GRDVILLIER",1850,10,640
"MERU",1840,1,911
"MERU",1845,3,88
"MERU",1847,1,83
"MERU",1847,3,336
"MERU",1850,10,470
"NOAILLES",1840,1,34
"NOAILLES",1845,3,35
"NOAILLES",1847,1,50
"NOAILLES",1847,3,48
"NOAILLES",1850,10,30
"ALENCON",1825,3,1171
"ALENCON",1830,1,1116
"ALENCON",1835,3,882
"ALENCON",1840,1,877
"ALENCON",1845,3,1317
"ALENCON",1847,1,1229
"ALENCON",1847,3,942
"ALENCON",1850,10,443
"SEES",1825,3,414
"SEES",1830,1,386
"SEES",1835,3,145
"SEES",1840,1,706
"SEES",1845,3,1116
"SEES",1847,1,570
"SEES",1847,3,947
"SEES",1850,10,400
"ARGENTAN",1825,3,505
"ARGENTAN",1830,1,366
"ARGENTAN",1835,3,478
"ARGENTAN",1840,1,570
"ARGENTAN",1845,3,632
"ARGENTAN",1847,1,1037
"ARGENTAN",1847,3,1069
"ARGENTAN",1850,10,442
"BRIOUZE",1825,3,170
"BRIOUZE",1830,1,105
"BRIOUZE",1835,3,160
"ECOUCHE",1825,3,260
"ECOUCHE",1830,1,316
"ECOUCHE",1835,3,253
"ECOUCHE",1840,1,170
"ECOUCHE",1845,3,310
"ECOUCHE",1847,1,345
"ECOUCHE",1847,3,445
"ECOUCHE",1850,10,284
"GARE",1825,3,152
"GARE",1830,1,150
"GARE",1835,3,120
"GARE",1840,1,110
"GARE",1845,3,150
"GARE",1847,1,174
"GARE",1847,3,178
"GARE",1850,10,142
"LE MERLERA",1825,3,134
"LE MERLERA",1830,1,95
"LE MERLERA",1835,3,166
"LE MERLERA",1840,1,90
"LE MERLERA",1845,3,116
"LE MERLERA",1847,1,176
"LE MERLERA",1847,3,158
"LE MERLERA",1850,10,50
"ARRAS",1825,3,1533
"ARRAS",1830,1,2502
"ARRAS",1835,3,3590
"ARRAS",1840,1,3558
"ARRAS",1845,3,5537
"ARRAS",1847,1,5380
"ARRAS",1847,3,5791
"ARRAS",1850,10,7597
"BAPEAUNE",1835,3,39
"BAPEAUNE",1840,1,79
"BAPEAUNE",1845,3,121
"BAPEAUNE",1847,1,91
"BAPEAUNE",1847,3,281
"BETHUNE",1825,3,7920
"BETHUNE",1830,1,2115
"BETHUNE",1835,3,2398
"BETHUNE",1840,1,1320
"BETHUNE",1845,3,2050
"BETHUNE",1847,1,2073
"BETHUNE",1847,3,1700
"BETHUNE",1850,10,2000
"CARVIN",1825,3,340
"CARVIN",1830,1,472
"CARVIN",1835,3,451
"CARVIN",1840,1,469
"CARVIN",1845,3,592
"CARVIN",1847,1,531
"CARVIN",1847,3,679
"CARVIN",1850,10,753
"BOULOGNE",1825,3,438
"BOULOGNE",1830,1,504
"BOULOGNE",1835,3,432
"BOULOGNE",1840,1,542
"BOULOGNE",1845,3,536
"BOULOGNE",1847,1,140
"BOULOGNE",1847,3,924
"BOULOGNE",1850,10,475
"CLERMONT",1825,3,1181
"CLERMONT",1830,1,1677
"CLERMONT",1835,3,2660
"CLERMONT",1840,1,3675
"CLERMONT",1845,3,1104
"CLERMONT",1847,1,1787
"CLERMONT",1847,3,1966
"CLERMONT",1850,10,1299
"BILLOM",1825,3,840
"BILLOM",1830,1,49
"BILLOM",1835,3,550
"BILLOM",1840,1,480
"BILLOM",1845,3,450
"BILLOM",1847,1,390
"BILLOM",1847,3,390
"BILLOM",1850,10,450
"RIOM",1825,3,3225
"RIOM",1830,1,470
"RIOM",1835,3,3115
"RIOM",1840,1,676
"RIOM",1845,3,600
"RIOM",1847,1,600
"RIOM",1847,3,600
"RIOM",1850,10,1250
"AIGUEPERSE",1825,3,96
"AIGUEPERSE",1830,1,288
"AIGUEPERSE",1835,3,390
"AIGUEPERSE",1840,1,780
"AIGUEPERSE",1845,3,640
"AIGUEPERSE",1847,1,930
"AIGUEPERSE",1847,3,1340
"AIGUEPERSE",1850,10,760
"THIERS",1825,3,300
"THIERS",1830,1,102
"THIERS",1835,3,135
"THIERS",1840,1,90
"THIERS",1845,3,82
"THIERS",1847,1,243
"THIERS",1847,3,175
"THIERS",1850,10,91
"MARINGUES",1830,1,406
"MARINGUES",1835,3,323
"MARINGUES",1840,1,419
"MARINGUES",1845,3,1160
"MARINGUES",1847,1,2080
"MARINGUES",1847,3,1508
"MARINGUES",1850,10,741
"PAU",1825,3,900
"PAU",1830,1,450
"PAU",1835,3,1120
"PAU",1840,1,930
"PAU",1845,3,2250
"PAU",1847,1,1298
"PAU",1847,3,1740
"PAU",1850,10,623
"GARLIN",1825,3,340
"GARLIN",1830,1,375
"GARLIN",1835,3,500
"GARLIN",1840,1,660
"GARLIN",1845,3,560
"GARLIN",1847,1,340
"GARLIN",1847,3,850
"GARLIN",1850,10,150
"MORLAAS",1825,3,59
"MORLAAS",1830,1,32
"MORLAAS",1835,3,129
"MORLAAS",1840,1,210
"MORLAAS",1845,3,85
"MORLAAS",1847,1,15
"MORLAAS",1847,3,51
"MORLAAS",1850,10,30
"OLORON",1825,3,324
"OLORON",1830,1,142
"OLORON",1835,3,320
"OLORON",1840,1,224
"OLORON",1845,3,220
"OLORON",1847,1,110
"OLORON",1847,3,420
"OLORON",1850,10,160
"ARUDY",1825,3,30
"ARUDY",1830,1,28
"ARUDY",1835,3,28
"ARUDY",1840,1,34
"ARUDY",1845,3,33
"ARUDY",1847,1,33
"ARUDY",1847,3,31
"ARUDY",1850,10,18
"MONEIN",1825,3,80
"MONEIN",1830,1,80
"MONEIN",1835,3,100
"MONEIN",1840,1,90
"MONEIN",1845,3,13
"MONEIN",1847,1,42
"MONEIN",1847,3,128
"MONEIN",1850,10,82
"TARBES",1825,3,130
"TARBES",1830,1,316
"TARBES",1835,3,820
"TARBES",1840,1,380
"TARBES",1845,3,1010
"TARBES",1847,1,450
"TARBES",1847,3,1900
"TARBES",1850,10,860
"BAGNERE",1825,3,55
"BAGNERE",1830,1,50
"BAGNERE",1835,3,49
"BAGNERE",1840,1,90
"BAGNERE",1845,3,535
"BAGNERE",1847,1,30
"BAGNERE",1847,3,100
"BAGNERE",1850,10,20
"CERET",1825,3,68
"CERET",1830,1,84
"CERET",1835,3,90
"CERET",1840,1,87
"CERET",1845,3,73
"CERET",1847,1,10
"CERET",1847,3,10
"CERET",1850,10,95
"ARLES",1840,1,10
"ARLES",1845,3,36
"ARLES",1847,1,20
"ARLES",1847,3,30
"ARLES",1850,10,100
"ST-LOUP",1825,3,290
"ST-LOUP",1830,1,283
"ST-LOUP",1835,3,290
"ST-LOUP",1840,1,500
"ST-LOUP",1845,3,660
"ST-LOUP",1847,1,415
"ST-LOUP",1847,3,665
"ST-LOUP",1850,10,256
"LURE",1830,1,358
"LURE",1835,3,215
"LURE",1840,1,235
"LURE",1845,3,304
"LURE",1847,1,396
"LURE",1847,3,380
"LURE",1850,10,224
"LUXEUIL",1825,3,250
"LUXEUIL",1830,1,398
"LUXEUIL",1835,3,200
"LUXEUIL",1840,1,225
"LUXEUIL",1845,3,137
"LUXEUIL",1847,1,255
"LUXEUIL",1847,3,380
"LUXEUIL",1850,10,175
"MELISEY",1825,3,55
"MELISEY",1830,1,130
"MELISEY",1835,3,75
"MELISEY",1840,1,165
"MELISEY",1845,3,93
"MELISEY",1847,1,17
"MELISEY",1847,3,58
"MELISEY",1850,10,39
"VAUVILLERS",1830,1,53
"VAUVILLERS",1835,3,65
"VAUVILLERS",1840,1,305
"VAUVILLERS",1845,3,18
"VAUVILLERS",1847,1,95
"VAUVILLERS",1847,3,160
"VAUVILLERS",1850,10,390
"AUTUN",1825,3,238
"AUTUN",1830,1,45
"AUTUN",1835,3,530
"AUTUN",1840,1,287
"AUTUN",1845,3,548
"AUTUN",1847,1,352
"AUTUN",1847,3,1171
"AUTUN",1850,10,375
"COUCHES",1825,3,103
"COUCHES",1830,1,128
"COUCHES",1835,3,185
"COUCHES",1840,1,123
"COUCHES",1845,3,176
"COUCHES",1847,1,223
"COUCHES",1850,10,290
"CHALON/SAO",1825,3,74
"CHALON/SAO",1830,1,48
"CHALON/SAO",1835,3,72
"CHALON/SAO",1840,1,57
"CHALON/SAO",1845,3,116
"CHALON/SAO",1847,1,105
"CHALON/SAO",1847,3,166
"CHALON/SAO",1850,10,48
"GIVRY",1830,1,151
"GIVRY",1835,3,129
"GIVRY",1840,1,87
"GIVRY",1845,3,175
"GIVRY",1847,1,110
"GIVRY",1847,3,154
"GIVRY",1850,10,95
"LOUHANS",1825,3,68
"LOUHANS",1830,1,40
"LOUHANS",1835,3,250
"LOUHANS",1840,1,97
"LOUHANS",1845,3,633
"LOUHANS",1847,1,456
"LOUHANS",1847,3,1692
"LOUHANS",1850,10,220
"CLUNY",1825,3,54
"CLUNY",1830,1,162
"CLUNY",1835,3,108
"CLUNY",1840,1,84
"CLUNY",1845,3,246
"CLUNY",1847,1,75
"CLUNY",1847,3,90
"CLUNY",1850,10,140
"ST GENGOUX",1830,1,30
"ST GENGOUX",1845,3,61
"ST GENGOUX",1847,1,43
"ST GENGOUX",1847,3,141
"ST GENGOUX",1850,10,240
"MACON",1825,3,2400
"MACON",1830,1,606
"MACON",1835,3,2250
"MACON",1840,1,1845
"MACON",1845,3,1884
"MACON",1847,1,1590
"MACON",1847,3,762
"MACON",1850,10,921
"LE MANS",1825,3,656
"LE MANS",1830,1,430
"LE MANS",1835,3,550
"LE MANS",1840,1,352
"LE MANS",1845,3,590
"LE MANS",1847,1,397
"LE MANS",1847,3,994
"LE MANS",1850,10,635
"BALLON",1825,3,43
"BALLON",1830,1,39
"BALLON",1835,3,103
"BALLON",1840,1,88
"BALLON",1845,3,124
"BALLON",1847,1,62
"BALLON",1847,3,102
"BALLON",1850,10,190
"LOUE",1825,3,155
"LOUE",1830,1,200
"LOUE",1835,3,310
"LOUE",1840,1,175
"LOUE",1845,3,154
"LOUE",1847,1,185
"LOUE",1847,3,612
"LOUE",1850,10,180
"MONTFORT",1825,3,169
"MONTFORT",1830,1,112
"MONTFORT",1835,3,72
"MONTFORT",1840,1,48
"MONTFORT",1845,3,64
"MONTFORT",1847,1,55
"MONTFORT",1847,3,64
"MONTFORT",1850,10,69
"SILLE-LE-G",1825,3,200
"SILLE-LE-G",1830,1,90
"SILLE-LE-G",1835,3,110
"SILLE-LE-G",1840,1,200
"SILLE-LE-G",1845,3,380
"SILLE-LE-G",1847,1,384
"SILLE-LE-G",1847,3,850
"SILLE-LE-G",1850,10,820
"BAUMONT",1825,3,930
"BAUMONT",1830,1,400
"BAUMONT",1835,3,600
"BAUMONT",1840,1,480
"BAUMONT",1845,3,820
"BAUMONT",1847,1,670
"BAUMONT",1847,3,3450
"BAUMONT",1850,10,880
"BACQUEVILL",1825,3,444
"BACQUEVILL",1830,1,800
"BACQUEVILL",1835,3,920
"BACQUEVILL",1840,1,1816
"BACQUEVILL",1845,3,1600
"BACQUEVILL",1847,1,1400
"BACQUEVILL",1847,3,870
"BACQUEVILL",1850,10,1569
"DIEPPE",1825,3,736
"DIEPPE",1830,1,801
"DIEPPE",1835,3,486
"DIEPPE",1840,1,700
"DIEPPE",1845,3,1076
"DIEPPE",1847,1,1110
"DIEPPE",1847,3,1460
"DIEPPE",1850,10,1610
"ENVERMEU",1825,3,580
"ENVERMEU",1830,1,480
"ENVERMEU",1835,3,600
"ENVERMEU",1840,1,528
"ENVERMEU",1847,1,480
"ENVERMEU",1847,3,502
"ENVERMEU",1850,10,510
"EU",1825,3,552
"EU",1830,1,572
"EU",1835,3,588
"EU",1840,1,676
"EU",1845,3,408
"EU",1847,1,582
"EU",1847,3,920
"EU",1850,10,585
"TOTES",1825,3,463
"TOTES",1830,1,586
"TOTES",1835,3,997
"TOTES",1840,1,602
"TOTES",1845,3,1027
"TOTES",1847,1,871
"TOTES",1847,3,701
"TOTES",1850,10,811
"BOLBEC",1825,3,686
"BOLBEC",1830,1,696
"BOLBEC",1835,3,904
"BOLBEC",1845,3,1457
"BOLBEC",1847,1,2032
"BOLBEC",1847,3,1209
"BOLBEC",1850,10,1334
"FECAMP",1825,3,337
"FECAMP",1830,1,675
"FECAMP",1835,3,1010
"FECAMP",1840,1,812
"FECAMP",1845,3,985
"FECAMP",1847,1,1214
"FECAMP",1847,3,1362
"FECAMP",1850,10,1484
"ROUEN",1825,3,648
"ROUEN",1830,1,362
"ROUEN",1835,3,315
"ROUEN",1840,1,292
"ROUEN",1845,3,524
"ROUEN",1847,1,754
"ROUEN",1847,3,2888
"ROUEN",1850,10,1257
"COULOMMIER",1825,3,510
"COULOMMIER",1830,1,658
"COULOMMIER",1835,3,340
"COULOMMIER",1840,1,724
"COULOMMIER",1845,3,300
"COULOMMIER",1847,1,363
"COULOMMIER",1847,3,1239
"COULOMMIER",1850,10,322
"LA FERTE-G",1825,3,1190
"LA FERTE-G",1830,1,1150
"LA FERTE-G",1835,3,455
"LA FERTE-G",1840,1,953
"LA FERTE-G",1845,3,675
"LA FERTE-G",1847,1,220
"LA FERTE-G",1847,3,490
"LA FERTE-G",1850,10,576
"BEAUMONT",1825,3,3
"BEAUMONT",1830,1,6
"BEAUMONT",1835,3,37
"BEAUMONT",1840,1,10
"BEAUMONT",1845,3,9
"BEAUMONT",1847,1,18
"BEAUMONT",1847,3,24
"BEAUMONT",1850,10,20
"EGREVILLE",1825,3,300
"EGREVILLE",1830,1,438
"EGREVILLE",1835,3,369
"EGREVILLE",1840,1,279
"EGREVILLE",1845,3,396
"EGREVILLE",1847,1,222
"EGREVILLE",1847,3,117
"EGREVILLE",1850,10,459
"MONTEREAU",1825,3,1819
"MONTEREAU",1830,1,1876
"MONTEREAU",1835,3,1090
"MONTEREAU",1840,1,1615
"MONTEREAU",1845,3,1601
"MONTEREAU",1847,1,1063
"MONTEREAU",1847,3,2067
"MONTEREAU",1850,10,1831
"MANTES",1825,3,516
"MANTES",1830,1,825
"MANTES",1835,3,570
"MANTES",1840,1,645
"MANTES",1845,3,735
"MANTES",1847,1,600
"MANTES",1847,3,1905
"MANTES",1850,10,840
"HOUDAN",1825,3,1941
"HOUDAN",1830,1,1340
"HOUDAN",1835,3,1020
"HOUDAN",1840,1,3000
"HOUDAN",1845,3,1800
"HOUDAN",1847,1,1050
"HOUDAN",1847,3,2100
"HOUDAN",1850,10,2010
"PONTOISE",1825,3,621
"PONTOISE",1830,1,555
"PONTOISE",1835,3,405
"PONTOISE",1840,1,324
"PONTOISE",1845,3,510
"PONTOISE",1847,1,357
"PONTOISE",1847,3,915
"PONTOISE",1850,10,337
"THOUARS",1825,3,80
"THOUARS",1830,1,65
"THOUARS",1835,3,175
"THOUARS",1840,1,100
"THOUARS",1845,3,350
"THOUARS",1847,1,43
"THOUARS",1847,3,75
"THOUARS",1850,10,90
"BRESSUIRE",1825,3,30
"BRESSUIRE",1830,1,20
"BRESSUIRE",1835,3,30
"BRESSUIRE",1840,1,6
"BRESSUIRE",1845,3,30
"BRESSUIRE",1847,1,65
"BRESSUIRE",1847,3,55
"BRESSUIRE",1850,10,30
"PARTENAY",1825,3,68
"PARTENAY",1830,1,52
"PARTENAY",1835,3,42
"PARTENAY",1840,1,56
"PARTENAY",1845,3,78
"PARTENAY",1847,1,56
"PARTENAY",1847,3,322
"PARTENAY",1850,10,134
"NIORT",1825,3,37
"NIORT",1830,1,62
"NIORT",1835,3,62
"NIORT",1840,1,42
"NIORT",1845,3,67
"NIORT",1847,1,192
"NIORT",1847,3,144
"NIORT",1850,10,158
"ABBEVILLE",1825,3,139
"ABBEVILLE",1830,1,494
"ABBEVILLE",1835,3,171
"ABBEVILLE",1840,1,882
"ABBEVILLE",1845,3,759
"ABBEVILLE",1847,1,810
"ABBEVILLE",1847,3,1500
"ABBEVILLE",1850,10,695
"GAMACHES",1825,3,116
"GAMACHES",1830,1,288
"GAMACHES",1835,3,88
"GAMACHES",1840,1,25
"GAMACHES",1845,3,20
"GAMACHES",1847,1,100
"GAMACHES",1847,3,210
"GAMACHES",1850,10,164
"ST VALERY",1825,3,58
"ST VALERY",1830,1,52
"ST VALERY",1835,3,43
"ST VALERY",1840,1,90
"ST VALERY",1845,3,112
"ST VALERY",1847,1,118
"ST VALERY",1847,3,94
"ST VALERY",1850,10,110
"AMIENS",1825,3,1303
"AMIENS",1830,1,1990
"AMIENS",1835,3,702
"AMIENS",1840,1,863
"AMIENS",1845,3,1010
"AMIENS",1847,1,1820
"AMIENS",1847,3,1485
"AMIENS",1850,10,1530
"CORBIE",1825,3,97
"CORBIE",1840,1,77
"CORBIE",1845,3,84
"CORBIE",1847,1,64
"CORBIE",1847,3,88
"CORBIE",1850,10,74
"OISEMONT",1835,3,120
"OISEMONT",1840,1,180
"OISEMONT",1845,3,246
"OISEMONT",1847,1,270
"OISEMONT",1847,3,292
"OISEMONT",1850,10,150
"ALBI",1825,3,665
"ALBI",1835,3,1505
"ALBI",1840,1,201
"ALBI",1845,3,679
"ALBI",1847,1,812
"ALBI",1847,3,1407
"REALMONT",1825,3,87
"REALMONT",1830,1,44
"REALMONT",1835,3,340
"REALMONT",1840,1,120
"REALMONT",1845,3,130
"REALMONT",1847,1,90
"REALMONT",1847,3,110
"REALMONT",1850,10,160
"CASTRES",1825,3,110
"CASTRES",1830,1,360
"CASTRES",1835,3,336
"CASTRES",1840,1,471
"CASTRES",1845,3,670
"CASTRES",1847,1,600
"CASTRES",1847,3,977
"CASTRES",1850,10,621
"GAILLAC",1825,3,35
"GAILLAC",1830,1,81
"GAILLAC",1835,3,75
"GAILLAC",1840,1,45
"GAILLAC",1845,3,73
"GAILLAC",1847,1,146
"GAILLAC",1847,3,187
"GAILLAC",1850,10,120
"RABASTENS",1825,3,25
"RABASTENS",1830,1,22
"RABASTENS",1835,3,65
"RABASTENS",1840,1,18
"RABASTENS",1845,3,18
"RABASTENS",1847,3,16
"RABASTENS",1850,10,20
"MONTAUBAN",1825,3,249
"MONTAUBAN",1830,1,24
"MONTAUBAN",1835,3,321
"MONTAUBAN",1840,1,132
"MONTAUBAN",1845,3,289
"MONTAUBAN",1847,1,77
"MONTAUBAN",1847,3,380
"MONTAUBAN",1850,10,123
"CAUSSADE",1825,3,115
"CAUSSADE",1830,1,119
"CAUSSADE",1835,3,68
"CAUSSADE",1840,1,95
"CAUSSADE",1845,3,15
"CAUSSADE",1847,1,36
"CAUSSADE",1847,3,44
"CAUSSADE",1850,10,55
"CAYLUS",1825,3,78
"CAYLUS",1830,1,60
"CAYLUS",1835,3,86
"CAYLUS",1840,1,34
"CAYLUS",1845,3,205
"CAYLUS",1847,1,65
"CAYLUS",1847,3,134
"CAYLUS",1850,10,125
"ST ANTONIN",1825,3,27
"ST ANTONIN",1830,1,25
"ST ANTONIN",1835,3,25
"ST ANTONIN",1840,1,50
"ST ANTONIN",1845,3,70
"ST ANTONIN",1847,1,58
"ST ANTONIN",1847,3,30
"ST ANTONIN",1850,10,110
"BRIGNOLES",1825,3,55
"BRIGNOLES",1830,1,17
"BRIGNOLES",1835,3,55
"BRIGNOLES",1840,1,41
"BRIGNOLES",1845,3,122
"BRIGNOLES",1847,1,45
"BRIGNOLES",1847,3,54
"BRIGNOLES",1850,10,35
"BARJOLS",1825,3,60
"BARJOLS",1830,1,60
"BARJOLS",1835,3,136
"BARJOLS",1840,1,227
"BARJOLS",1845,3,136
"BARJOLS",1847,3,102
"BARJOLS",1850,10,83
"COTIGNAC",1825,3,169
"COTIGNAC",1830,1,94
"COTIGNAC",1835,3,113
"COTIGNAC",1840,1,89
"COTIGNAC",1847,1,51
"COTIGNAC",1847,3,30
"COTIGNAC",1850,10,94
"ST MAXIMIN",1825,3,394
"ST MAXIMIN",1830,1,158
"ST MAXIMIN",1835,3,256
"ST MAXIMIN",1840,1,147
"ST MAXIMIN",1845,3,153
"ST MAXIMIN",1847,1,172
"ST MAXIMIN",1847,3,116
"ST MAXIMIN",1850,10,130
"RIANS",1825,3,40
"RIANS",1830,1,25
"RIANS",1835,3,100
"RIANS",1840,1,10
"RIANS",1845,3,35
"RIANS",1847,1,1
"RIANS",1847,3,29
"RIANS",1850,10,70
"APT",1825,3,212
"APT",1830,1,167
"APT",1835,3,244
"APT",1840,1,265
"APT",1845,3,178
"APT",1847,1,153
"APT",1847,3,110
"APT",1850,10,169
"PERTUIS",1825,3,135
"PERTUIS",1830,1,300
"PERTUIS",1835,3,155
"PERTUIS",1840,1,155
"PERTUIS",1845,3,245
"PERTUIS",1847,1,132
"PERTUIS",1847,3,191
"PERTUIS",1850,10,259
"AVIGNON",1825,3,1042
"AVIGNON",1830,1,1350
"AVIGNON",1835,3,1653
"AVIGNON",1840,1,1195
"AVIGNON",1845,3,792
"AVIGNON",1847,1,1044
"AVIGNON",1847,3,1440
"AVIGNON",1850,10,637
"FONTENAY",1825,3,120
"FONTENAY",1830,1,80
"FONTENAY",1835,3,110
"FONTENAY",1840,1,66
"FONTENAY",1845,3,142
"FONTENAY",1847,1,116
"FONTENAY",1847,3,100
"FONTENAY",1850,10,108
"LUCON",1825,3,30
"LUCON",1830,1,20
"LUCON",1835,3,21
"LUCON",1840,1,41
"LUCON",1845,3,118
"LUCON",1847,1,75
"LUCON",1847,3,162
"LUCON",1850,10,175
"POITIERS",1825,3,169
"POITIERS",1830,1,119
"POITIERS",1835,3,137
"POITIERS",1840,1,71
"POITIERS",1845,3,106
"POITIERS",1847,1,77
"POITIERS",1847,3,139
"POITIERS",1850,10,187
"CHATELLERA",1825,3,30
"CHATELLERA",1830,1,18
"CHATELLERA",1835,3,34
"CHATELLERA",1840,1,2
"CHATELLERA",1845,3,36
"CHATELLERA",1847,1,18
"CHATELLERA",1847,3,22
"CHATELLERA",1850,10,35
"CIVRAY",1825,3,99
"CIVRAY",1830,1,12
"CIVRAY",1835,3,29
"CIVRAY",1840,1,184
"CIVRAY",1845,3,271
"CIVRAY",1847,1,466
"CIVRAY",1847,3,905
"CIVRAY",1850,10,910
"BELLAC",1825,3,200
"LE DORAT",1825,3,400
"LE DORAT",1830,1,45
"LE DORAT",1835,3,24
"LE DORAT",1840,1,29
"LE DORAT",1847,3,45
"LE DORAT",1850,10,22
"BRUYERES",1825,3,136
"BRUYERES",1830,1,116
"BRUYERES",1835,3,188
"BRUYERES",1840,1,335
"BRUYERES",1845,3,200
"BRUYERES",1847,1,210
"BRUYERES",1847,3,233
"BRUYERES",1850,10,240
"CHARMES",1825,3,880
"CHARMES",1830,1,494
"CHARMES",1835,3,430
"CHARMES",1840,1,630
"CHARMES",1845,3,430
"CHARMES",1847,1,167
"CHARMES",1847,3,500
"CHARMES",1850,10,248
"EPINAL",1825,3,1319
"EPINAL",1830,1,765
"EPINAL",1835,3,740
"EPINAL",1840,1,1100
"EPINAL",1845,3,800
"EPINAL",1847,1,394
"EPINAL",1847,3,1080
"EPINAL",1850,10,245
"MIRECOURT",1825,3,500
"MIRECOURT",1830,1,190
"MIRECOURT",1835,3,610
"MIRECOURT",1840,1,1310
"MIRECOURT",1845,3,585
"MIRECOURT",1847,1,414
"MIRECOURT",1847,3,1690
"MIRECOURT",1850,10,500
"NEUFCHATEA",1825,3,367
"NEUFCHATEA",1830,1,606
"NEUFCHATEA",1835,3,170
"NEUFCHATEA",1840,1,900
"NEUFCHATEA",1845,3,447
"NEUFCHATEA",1847,1,170
"NEUFCHATEA",1847,3,355
"NEUFCHATEA",1850,10,386
"AUXERRE",1825,3,580
"AUXERRE",1830,1,317
"AUXERRE",1835,3,660
"AUXERRE",1840,1,757
"AUXERRE",1845,3,426
"AUXERRE",1847,1,745
"AUXERRE",1847,3,354
"AUXERRE",1850,10,710
"ST FLORENT",1840,1,961
"ST FLORENT",1845,3,3673
"ST FLORENT",1847,1,1013
"ST FLORENT",1847,3,1120
"ST FLORENT",1850,10,1848
"TOUEY",1840,1,179
"TOUEY",1845,3,319
"TOUEY",1847,1,113
"TOUEY",1847,3,416
"TOUEY",1850,10,202
"VERMENTON",1840,1,190
"VERMENTON",1845,3,157
"VERMENTON",1847,1,119
"VERMENTON",1847,3,88
"VERMENTON",1850,10,42
"BOURG",1855,1,1961
"BOURG",1855,10,3071
"BOURG",1860,1,2274
"BOURG",1865,1,1808
"BOURG",1870,1,1347
"BOURG",1875,1,1683
"BOURG",1880,3,749
"ST LAURENT",1855,1,1092
"ST LAURENT",1855,10,1479
"ST LAURENT",1860,1,978
"ST LAURENT",1865,1,402
"ST LAURENT",1870,1,858
"ST LAURENT",1875,1,2331
"ST LAURENT",1880,3,645
"PT DE VAUX",1855,1,786
"PT DE VAUX",1855,10,1425
"PT DE VAUX",1860,1,888
"PT DE VAUX",1865,1,540
"PT DE VAUX",1870,1,396
"PT DE VAUX",1875,1,1211
"PT DE VAUX",1880,3,258
"GEX",1855,1,32
"GEX",1855,10,37
"GEX",1860,1,29
"GEX",1865,1,30
"GEX",1870,1,22
"GEX",1875,1,22
"GEX",1880,3,20
"COLLONGES",1855,1,19
"COLLONGES",1855,10,43
"COLLONGES",1860,1,36
"ST QUENTIN",1855,1,589
"ST QUENTIN",1855,10,420
"ST QUENTIN",1860,1,148
"ST QUENTIN",1865,1,799
"ST QUENTIN",1870,1,530
"ST QUENTIN",1875,1,879
"ST QUENTIN",1880,3,550
"ST QUENTIN",1885,1,377
"VERVINS",1855,1,294
"VERVINS",1855,10,80
"VERVINS",1860,1,310
"VERVINS",1865,1,824
"VERVINS",1870,1,353
"LA CAPELLE",1855,1,149
"LA CAPELLE",1855,10,127
"LA CAPELLE",1860,1,110
"LA CAPELLE",1865,1,700
"LA CAPELLE",1870,1,799
"LA CAPELLE",1875,1,522
"LA CAPELLE",1880,3,808
"LA FERE",1855,1,1835
"LA FERE",1855,10,1747
"LA FERE",1860,1,1418
"LA FERE",1865,1,1783
"LA FERE",1870,1,331
"LA FERE",1875,1,65
"CHAUNY",1855,1,45
"CHAUNY",1855,10,48
"CHAUNY",1860,1,53
"CHAUNY",1865,1,40
"CHAUNY",1875,1,61
"CHAUNY",1880,3,81
"CHAUNY",1885,1,30
"SOISSONS",1855,1,2395
"SOISSONS",1855,10,1584
"SOISSONS",1860,1,1819
"SOISSONS",1865,1,1722
"SOISSONS",1870,1,2245
"SOISSONS",1875,1,4082
"SOISSONS",1880,3,2054
"SOISSONS",1885,1,3031
"MONTLUCON",1855,1,1106
"MONTLUCON",1855,10,790
"MONTLUCON",1860,1,510
"MONTLUCON",1865,1,779
"MONTLUCON",1870,1,595
"MONTLUCON",1875,1,575
"MONTLUCON",1880,3,253
"MONTLUCON",1885,1,207
"MTMARAULT",1855,1,305
"MTMARAULT",1855,10,380
"MTMARAULT",1860,1,135
"MTMARAULT",1865,1,172
"MTMARAULT",1870,1,120
"MTMARAULT",1875,1,332
"MTMARAULT",1880,3,341
"MTMARAULT",1885,1,116
"GANNAT",1855,1,1230
"GANNAT",1855,10,1000
"GANNAT",1860,1,1207
"GANNAT",1865,1,1681
"GANNAT",1870,1,4000
"GANNAT",1875,1,1705
"GANNAT",1880,3,650
"GANNAT",1885,1,578
"STPOURCAIN",1855,1,1660
"STPOURCAIN",1855,10,760
"STPOURCAIN",1860,1,1322
"STPOURCAIN",1865,1,1544
"STPOURCAIN",1870,1,1167
"STPOURCAIN",1875,1,2234
"STPOURCAIN",1880,3,1028
"STPOURCAIN",1885,1,987
"EBREUIL",1855,1,585
"EBREUIL",1855,10,580
"EBREUIL",1860,1,275
"EBREUIL",1865,1,200
"EBREUIL",1870,1,160
"EBREUIL",1875,1,150
"EBREUIL",1880,3,80
"EBREUIL",1885,1,160
"CASTELLANE",1855,1,29
"CASTELLANE",1855,10,12
"CASTELLANE",1860,1,29
"CASTELLANE",1865,1,45
"CASTELLANE",1870,1,10
"ENTREVAUX",1855,1,14
"ENTREVAUX",1855,10,6
"ENTREVAUX",1860,1,4
"ENTREVAUX",1865,1,12
"ENTREVAUX",1870,1,12
"DIGNE",1855,1,84
"DIGNE",1855,10,57
"DIGNE",1860,1,77
"DIGNE",1865,1,80
"DIGNE",1885,1,52
"RIEZ",1855,1,40
"RIEZ",1855,10,64
"RIEZ",1860,1,131
"RIEZ",1865,1,144
"RIEZ",1870,1,90
"RIEZ",1880,3,106
"SEYNE",1855,1,29
"SEYNE",1855,10,12
"SEYNE",1860,1,2
"FORCALQUIE",1855,1,50
"FORCALQUIE",1855,10,45
"FORCALQUIE",1860,1,144
"FORCALQUIE",1865,1,110
"FORCALQUIE",1870,1,12
"FORCALQUIE",1875,1,828
"FORCALQUIE",1880,3,1920
"FORCALQUIE",1885,1,325
"GAP",1855,1,22
"GAP",1880,3,67
"ST BONNET",1855,1,244
"ST BONNET",1855,10,180
"ST BONNET",1860,1,20
"ST BONNET",1865,1,33
"ST BONNET",1870,1,37
"ST BONNET",1875,1,4
"ST BONNET",1880,3,14
"ST BONNET",1885,1,8
"SERRES",1855,1,31
"SERRES",1855,10,18
"SERRES",1860,1,40
"SERRES",1865,1,60
"VEYNES",1855,1,14
"VEYNES",1860,1,16
"VEYNES",1880,3,10
"EMBRUN",1855,1,13
"EMBRUN",1855,10,30
"EMBRUN",1860,1,1
"EMBRUN",1875,1,5
"EMBRUN",1880,3,15
"JOYEUSE",1855,1,190
"JOYEUSE",1855,10,180
"JOYEUSE",1860,1,60
"JOYEUSE",1865,1,54
"JOYEUSE",1870,1,55
"JOYEUSE",1875,1,50
"JOYEUSE",1880,3,18
"JOYEUSE",1885,1,35
"LARGENTIER",1855,1,14
"LARGENTIER",1855,10,15
"LARGENTIER",1860,1,15
"LARGENTIER",1865,1,10
"LARGENTIER",1870,1,91
"LARGENTIER",1875,1,98
"LARGENTIER",1880,3,78
"LARGENTIER",1885,1,20
"VANS",1855,1,80
"VANS",1855,10,80
"VANS",1860,1,50
"VANS",1865,1,21
"VANS",1870,1,67
"VANS",1875,1,30
"VANS",1880,3,920
"VANS",1885,1,130
"AUBENAS",1855,1,25
"AUBENAS",1855,10,50
"AUBENAS",1860,1,144
"AUBENAS",1865,1,150
"AUBENAS",1870,1,120
"AUBENAS",1875,1,100
"AUBENAS",1880,3,150
"AUBENAS",1885,1,90
"BOURG ST",1855,1,40
"BOURG ST",1855,10,50
"BOURG ST",1860,1,45
"BOURG ST",1865,1,25
"BOURG ST",1870,1,150
"BOURG ST",1875,1,38
"BOURG ST",1880,3,24
"BOURG ST",1885,1,39
"PRIVAS",1855,1,65
"PRIVAS",1855,10,79
"PRIVAS",1860,1,100
"PRIVAS",1865,1,250
"PRIVAS",1870,1,240
"PRIVAS",1875,1,60
"PRIVAS",1880,3,210
"PRIVAS",1885,1,120
"MAUBERT-FT",1855,1,895
"MAUBERT-FT",1855,10,331
"MAUBERT-FT",1860,1,333
"MAUBERT-FT",1865,1,564
"MAUBERT-FT",1870,1,745
"CHARLEVILL",1855,1,190
"CHARLEVILL",1855,10,210
"CHARLEVILL",1860,1,626
"CHARLEVILL",1865,1,279
"CHARLEVILL",1870,1,444
"CHARLEVILL",1875,1,650
"CHARLEVILL",1880,3,330
"CHARLEVILL",1885,1,62
"RETHEL",1855,1,56
"RETHEL",1855,10,308
"WASIGNY",1855,1,108
"WASIGNY",1855,10,97
"ATTIGNY",1855,1,265
"ATTIGNY",1855,10,548
"ATTIGNY",1860,1,107
"ATTIGNY",1865,1,150
"ATTIGNY",1870,1,3
"VOUZIERS",1855,1,1400
"VOUZIERS",1855,10,4500
"VOUZIERS",1860,1,860
"VOUZIERS",1865,1,300
"VOUZIERS",1870,1,100
"FOIX",1855,1,104
"FOIX",1855,10,116
"FOIX",1860,1,29
"FOIX",1865,1,26
"FOIX",1880,3,54
"FOIX",1885,1,53
"LABASTIDE",1855,1,15
"LABASTIDE",1855,10,46
"LABASTIDE",1860,1,22
"LABASTIDE",1865,1,20
"LAVELANET",1855,1,50
"LAVELANET",1855,10,80
"LAVELANET",1860,1,40
"LAVELANET",1865,1,20
"LAVELANET",1870,1,40
"TARASCON",1855,1,106
"TARASCON",1855,10,90
"TARASCON",1860,1,85
"TARASCON",1865,1,80
"TARASCON",1870,1,26
"BELESTA",1855,1,29
"BELESTA",1855,10,33
"BELESTA",1860,1,20
"BELESTA",1865,1,31
"ARCIS",1855,1,420
"ARCIS",1855,10,356
"ARCIS",1860,1,108
"ARCIS",1865,1,61
"ARCIS",1870,1,22
"NOGENT",1855,1,667
"NOGENT",1855,10,704
"NOGENT",1860,1,183
"NOGENT",1865,1,127
"NOGENT",1870,1,199
"NOGENT",1875,1,67
"NOGENT",1880,3,8
"VILLEMAUX",1855,1,36
"VILLEMAUX",1855,10,24
"VILLEMAUX",1860,1,14
"VILLEMAUX",1865,1,38
"TROYES",1855,1,2442
"TROYES",1855,10,2672
"TROYES",1860,1,1656
"TROYES",1865,1,775
"TROYES",1870,1,312
"TROYES",1875,1,43
"ERVY",1855,1,472
"ERVY",1855,10,292
"ERVY",1860,1,314
"ERVY",1865,1,206
"ERVY",1870,1,17
"BAR/AUBE",1855,1,2108
"BAR/AUBE",1855,10,1720
"BAR/AUBE",1860,1,1158
"BAR/AUBE",1865,1,211
"BAR/AUBE",1870,1,73
"BAR/AUBE",1875,1,22
"CARCASSONN",1855,1,370
"CARCASSONN",1855,10,567
"CARCASSONN",1860,1,500
"CARCASSONN",1865,1,230
"CARCASSONN",1870,1,227
"CARCASSONN",1875,1,297
"CARCASSONN",1880,3,171
"CARCASSONN",1885,1,152
"CASTELNAUD",1855,1,40
"CASTELNAUD",1855,10,414
"CASTELNAUD",1860,1,278
"CASTELNAUD",1865,1,122
"CASTELNAUD",1870,1,726
"CASTELNAUD",1880,3,1625
"LIMOUX",1855,1,96
"LIMOUX",1855,10,168
"LIMOUX",1860,1,186
"LIMOUX",1865,1,90
"LIMOUX",1870,1,126
"LIMOUX",1875,1,162
"LIMOUX",1880,3,66
"CHALABRE",1855,1,40
"CHALABRE",1855,10,110
"CHALABRE",1860,1,30
"CHALABRE",1865,1,20
"CHALABRE",1870,1,50
"CHALABRE",1880,3,25
"CHALABRE",1885,1,22
"QUILLAN",1855,1,82
"QUILLAN",1855,10,46
"QUILLAN",1860,1,27
"QUILLAN",1865,1,45
"QUILLAN",1870,1,90
"QUILLAN",1875,1,50
"QUILLAN",1880,3,30
"QUILLAN",1885,1,1
"ESPALION",1855,1,53
"ESPALION",1855,10,200
"ESPALION",1860,1,30
"ESPALION",1865,1,11
"ESPALION",1870,1,20
"ESPALION",1875,1,9
"ESPALION",1880,3,21
"ESPALION",1885,1,45
"ENTRAYGUES",1855,1,16
"ENTRAYGUES",1855,10,10
"ENTRAYGUES",1860,1,14
"ENTRAYGUES",1865,1,14
"ENTRAYGUES",1870,1,18
"ST GENIEZ",1855,1,146
"ST GENIEZ",1855,10,120
"ST GENIEZ",1860,1,116
"ST GENIEZ",1865,1,61
"ST GENIEZ",1870,1,37
"ST GENIEZ",1875,1,11
"ST GENIEZ",1880,3,40
"ST GENIEZ",1885,1,22
"MILLAU",1855,1,50
"MILLAU",1855,10,120
"MILLAU",1860,1,112
"MILLAU",1865,1,112
"MILLAU",1870,1,80
"MILLAU",1875,1,45
"MILLAU",1880,3,13
"MILLAU",1885,1,94
"AIX",1855,1,251
"AIX",1855,10,5006
"AIX",1860,1,2895
"AIX",1865,1,1921
"AIX",1870,1,2567
"AIX",1875,1,2669
"AIX",1880,3,2608
"AIX",1885,1,1752
"SALON",1855,1,4
"SALON",1855,10,8
"SALON",1870,1,2
"BALLEROY",1855,1,161
"BALLEROY",1855,10,100
"BALLEROY",1860,1,334
"BALLEROY",1865,1,166
"BALLEROY",1870,1,192
"BALLEROY",1875,1,122
"BALLEROY",1880,3,28
"BALLEROY",1885,1,8
"BAYEUX",1855,1,1314
"BAYEUX",1855,10,822
"BAYEUX",1860,1,1124
"BAYEUX",1865,1,986
"BAYEUX",1870,1,1186
"BAYEUX",1875,1,1530
"BAYEUX",1880,3,876
"BAYEUX",1885,1,840
"CAUMONT",1855,1,458
"CAUMONT",1855,10,222
"CAUMONT",1860,1,812
"CAUMONT",1865,1,356
"CAUMONT",1870,1,520
"CAUMONT",1875,1,258
"CAUMONT",1880,3,116
"CAUMONT",1885,1,152
"ISIGNY",1855,1,60
"ISIGNY",1855,10,50
"ISIGNY",1860,1,38
"ISIGNY",1865,1,46
"ISIGNY",1870,1,30
"ISIGNY",1875,1,8
"TREVIERES",1855,1,194
"TREVIERES",1855,10,152
"TREVIERES",1860,1,162
"TREVIERES",1865,1,270
"TREVIERES",1870,1,210
"TREVIERES",1875,1,208
"TREVIERES",1880,3,100
"TREVIERES",1885,1,100
"ARGENCES",1855,1,1756
"ARGENCES",1855,10,882
"ARGENCES",1860,1,1436
"ARGENCES",1865,1,1590
"ARGENCES",1870,1,2000
"ARGENCES",1875,1,1714
"ARGENCES",1880,3,714
"ARGENCES",1885,1,810
"BRETTEVILL",1855,1,434
"BRETTEVILL",1855,10,354
"BRETTEVILL",1860,1,460
"BRETTEVILL",1865,1,376
"BRETTEVILL",1870,1,320
"BRETTEVILL",1875,1,678
"BRETTEVILL",1880,3,324
"BRETTEVILL",1885,1,324
"AURILLAC",1855,1,79
"AURILLAC",1855,10,69
"AURILLAC",1865,1,7
"AURILLAC",1870,1,20
"AURILLAC",1875,1,7
"AURILLAC",1880,3,4
"MAURIAC",1855,1,6
"MAURIAC",1855,10,24
"MAURIAC",1860,1,11
"MAURIAC",1865,1,6
"MAURIAC",1870,1,5
"MAURIAC",1875,1,13
"MAURIAC",1880,3,10
"MAURIAC",1885,1,10
"MURAT",1855,1,4
"MURAT",1855,10,8
"MURAT",1860,1,4
"MURAT",1865,1,5
"MURAT",1870,1,10
"MURAT",1875,1,7
"MURAT",1880,3,5
"MURAT",1885,1,1
"ANGOULEME",1855,1,934
"ANGOULEME",1855,10,1279
"ANGOULEME",1860,1,87
"ANGOULEME",1870,1,172
"ANGOULEME",1875,1,75
"ANGOULEME",1880,3,122
"ANGOULEME",1885,1,65
"LA ROCHEFD",1855,1,1600
"LA ROCHEFD",1855,10,2100
"LA ROCHEFD",1860,1,1900
"LA ROCHEFD",1865,1,160
"LA ROCHEFD",1870,1,1200
"LA ROCHEFD",1875,1,280
"LA ROCHEFD",1880,3,92
"ROUILLAC",1855,1,28
"ROUILLAC",1860,1,40
"ROUILLAC",1865,1,14
"ROUILLAC",1870,1,20
"COGNAC",1855,1,100
"COGNAC",1855,10,54
"COGNAC",1860,1,130
"COGNAC",1865,1,35
"COGNAC",1870,1,41
"COGNAC",1875,1,58
"COGNAC",1880,3,30
"COGNAC",1885,1,20
"CHABANAIS",1855,1,53
"CHABANAIS",1855,10,106
"CHABANAIS",1860,1,26
"CHABANAIS",1865,1,30
"CHABANAIS",1870,1,28
"CHABANAIS",1875,1,10
"CHABANAIS",1880,3,70
"CHABANAIS",1885,1,45
"MARANS",1855,1,1400
"MARANS",1855,10,1400
"MARANS",1860,1,2967
"MARANS",1865,1,6181
"MARANS",1870,1,1646
"MARANS",1875,1,6069
"MARANS",1880,3,1986
"MARANS",1885,1,3261
"STJEAN D'A",1855,1,65
"STJEAN D'A",1855,10,102
"STJEAN D'A",1860,1,144
"STJEAN D'A",1865,1,124
"STJEAN D'A",1870,1,133
"STJEAN D'A",1875,1,85
"STJEAN D'A",1880,3,242
"STJEAN D'A",1885,1,36
"JONZAC",1855,1,20
"JONZAC",1855,10,45
"JONZAC",1860,1,1
"JONZAC",1865,1,14
"JONZAC",1870,1,7
"JONZAC",1875,1,18
"MIRAMBEAU",1855,1,40
"MIRAMBEAU",1855,10,80
"MIRAMBEAU",1860,1,150
"MIRAMBEAU",1865,1,50
"MIRAMBEAU",1870,1,9
"MIRAMBEAU",1875,1,4
"MIRAMBEAU",1880,3,15
"MONTENDRE",1855,1,87
"MONTENDRE",1855,10,70
"MONTENDRE",1865,1,54
"MONTENDRE",1870,1,38
"MONTENDRE",1875,1,35
"MONTENDRE",1880,3,20
"MONTENDRE",1885,1,100
"SANCERRE",1855,1,850
"SANCERRE",1855,10,707
"SANCERRE",1860,1,519
"SANCERRE",1865,1,444
"SANCERRE",1870,1,1064
"SANCERRE",1875,1,439
"SANCERRE",1880,3,192
"SANCERRE",1885,1,273
"AUBIGNY",1855,1,753
"AUBIGNY",1855,10,535
"AUBIGNY",1860,1,495
"AUBIGNY",1865,1,400
"AUBIGNY",1870,1,510
"AUBIGNY",1875,1,435
"AUBIGNY",1880,3,204
"AUBIGNY",1885,1,171
"BOURGES",1855,1,4472
"BOURGES",1855,10,2933
"BOURGES",1860,1,3637
"BOURGES",1865,1,2766
"BOURGES",1870,1,4287
"BOURGES",1875,1,2723
"BOURGES",1880,3,491
"BOURGES",1885,1,629
"VIERZON",1855,1,857
"VIERZON",1855,10,890
"VIERZON",1860,1,1188
"VIERZON",1865,1,845
"VIERZON",1870,1,1362
"VIERZON",1875,1,1300
"VIERZON",1880,3,302
"VIERZON",1885,1,828
"ST AMAND",1855,1,706
"ST AMAND",1855,10,564
"ST AMAND",1860,1,792
"ST AMAND",1865,1,380
"ST AMAND",1870,1,594
"ST AMAND",1875,1,422
"ST AMAND",1880,3,331
"ST AMAND",1885,1,245
"TULLE",1855,1,153
"TULLE",1855,10,171
"TULLE",1860,1,110
"TULLE",1875,1,101
"TULLE",1880,3,45
"TULLE",1885,1,47
"ARGENTAT",1855,1,79
"ARGENTAT",1855,10,46
"ARGENTAT",1860,1,50
"ARGENTAT",1865,1,77
"ARGENTAT",1880,3,3
